id_namespace	local_id	persistent_id	size_in_bytes	sha256	md5	filename
IDG	ff50db9c-e771-4dd1-a557-de8b868bdeed	2312e7c2-ad38-4a2f-aabf-d01b0993e925	5546	284c038a412b44f97e8b202c76a8c48b03958078acdd17eda4b5c6e895ab21b8		ff50db9c-e771-4dd1-a557-de8b868bdeed.json
IDG	e0d6a3b9-fe62-49ee-a5a2-82557dc766a9	2dd4d492-2193-490b-be45-ce23772d268e	3472	6be9ff8bc711c753a1fd0e8ad6bab9856349224b223d72be50e549373396b188		e0d6a3b9-fe62-49ee-a5a2-82557dc766a9.json
IDG	415a4e1b-1ce0-4006-9fe5-6d23233a5c6c	f751155d-0cd8-41fc-a044-85c892918964	5512	3dfa20211bfd81626dcd961a79b639e045772429ba0417d80853762f6cec63d8		415a4e1b-1ce0-4006-9fe5-6d23233a5c6c.json
IDG	ebdf4858-544f-4d61-8f6c-5162bf69b4f5	24882d01-a3ca-4c68-9bcb-5cb2ecae1a4d	5528	71dbf4ad9ce5c3bcb15537e2a525b45a371ed8e9e5276e8e66260cb4f813fa6d		ebdf4858-544f-4d61-8f6c-5162bf69b4f5.json
IDG	89112b9c-0a9d-4bfa-bdc1-1a198c807c33	c0eba455-f99e-4a86-9b94-5ae061fc9258	3474	336fc1526b0e435e456d3879c621f5705ee26bd96af519bd32f69cb25797c8dd		89112b9c-0a9d-4bfa-bdc1-1a198c807c33.json
IDG	6b589381-2163-4c16-9390-2235fc8fd71f	96fce940-0d00-4908-9ae7-bd8d14394e8c	3763	ca043e8f5df5750008936748d6ffe3f808d1d3cd79940d0a4210d6b377572dc6		6b589381-2163-4c16-9390-2235fc8fd71f.json
IDG	63b539fe-9809-4109-ad14-74d7d6dc966e	d1f4f0ba-8e87-40f1-9ad0-392a13744071	3627	4ad50c99eeea7f2fec5a841aed950d9ed91bfbaccc24069a6307dad61b9b3dd2		63b539fe-9809-4109-ad14-74d7d6dc966e.json
IDG	b82bd614-7607-4dac-a0d7-8d47908eebea	8706a574-1064-485f-aeb2-22bdc6b37edd	5522	af884ecab883513b8cd953facaa6af012769c1effcc4e9c949fe22167bf60f2b		b82bd614-7607-4dac-a0d7-8d47908eebea.json
IDG	63d5c5ca-cd7e-4df0-81b6-4fd8e6b39959	0390428a-878c-4aea-a713-66ba1cc0139f	3775	854a83dae009e9f234d7d265727204466e7a62dad251594d2fbbef0000cc74c1		63d5c5ca-cd7e-4df0-81b6-4fd8e6b39959.json
IDG	bd6035ea-13e5-4437-9ff9-f234a1a36972	c2d5f058-2d71-494b-a0f2-e125e3ca9e8a	3627	c47c3438a834205ec36eb5b830bde4c75d35a3996a74064a71804cbd32816f1a		bd6035ea-13e5-4437-9ff9-f234a1a36972.json
IDG	81c76af4-3550-4a1b-a78a-efa4b55f763a	41fcb2c9-b2b0-4a61-a3f2-39a9d628148b	3780	4c30180dd23614db1c3032778c634cad329c1ffa5451319f517c99c193236930		81c76af4-3550-4a1b-a78a-efa4b55f763a.json
IDG	89768de5-0dae-4c0a-ac88-28000f88b715	ce09165a-7f3e-4c08-9805-f7747c5646e5	5515	91bd8d7ea903b8d85959dfb5652f6a50214c929f0b37d55467e910fe4aff3db1		89768de5-0dae-4c0a-ac88-28000f88b715.json
IDG	6c03ebb4-ecf9-469b-a215-cdfa572b9652	0281911c-0b12-4799-b9f6-89cac8a96930	5535	e8db10b75d83b73326d89f417f79f0595e08c59c7b9025261b265197ed63076c		6c03ebb4-ecf9-469b-a215-cdfa572b9652.json
IDG	072286a9-8a36-4dfd-9cb4-3e18808fe4e2	0ef3f879-0197-456f-bc0a-063f2bf419fc	5528	6ec963e45f8efe371b63b66040338651beba33c4846c11f1c73e794c6762848b		072286a9-8a36-4dfd-9cb4-3e18808fe4e2.json
IDG	2db9544e-a7d1-40ad-9d88-f094325ebc18	56b7c26f-0505-42e6-9360-8255d4c6c774	3466	ca5ef3759bf762f95f68b6aa4793b4b563217b65b7605d1be265bba2dd5d0f8b		2db9544e-a7d1-40ad-9d88-f094325ebc18.json
IDG	06a7ac1c-ee6b-4e39-bfd0-05a8c299c5b2	7ff67d61-5620-49b1-afba-87b7cfd191fb	3496	069524037f1e423b225360fed9a6efa3419f66775cfee1fb7c5c52fd729458bd		06a7ac1c-ee6b-4e39-bfd0-05a8c299c5b2.json
IDG	8005e53b-456a-4d70-a7db-082b47081ef7	536d1a47-08cc-491a-a30e-06c236ffe52c	4923	41b8fa9915f5ef8ee4f93a8ecda14f2b30336be2e3e090a3846e16ff890e71be		8005e53b-456a-4d70-a7db-082b47081ef7.json
IDG	9bb66515-5a5f-40a3-9d6e-55055ca12c72	476cb000-417f-41af-8092-91f392d6deac	3472	3205e6206805e10565266ad623f442b95e7739f276146bd7615c019214b1f63b		9bb66515-5a5f-40a3-9d6e-55055ca12c72.json
IDG	ff6726f1-9b65-45b0-acf4-77c00ee6e862	d1fb9e32-a351-4656-83b8-954ca55bac24	3627	77e584efa4e6f811a19c32e0d12fd728ab2dc93236484dcaa76eb6bc8ce339c4		ff6726f1-9b65-45b0-acf4-77c00ee6e862.json
IDG	93cc2ee0-c00a-4403-a243-77c959904c60	8c09be23-eb27-4b85-811b-458049c61646	3780	557cca2b3975147cb21d611654db204be894671dc577685da557f1a30c43e559		93cc2ee0-c00a-4403-a243-77c959904c60.json
IDG	1e5c4a89-8cc5-4195-873d-34212751d3e7	c905ffa6-fd17-4eb9-909b-4b488eac8313	5545	ac6d3bdc5b1bd5b7f4d299c7b057d5ef40bdbd3ddbd182834b07404cd62f7181		1e5c4a89-8cc5-4195-873d-34212751d3e7.json
IDG	7af16bf0-994a-4356-b945-c69b66792a57	646a432a-96e2-4b8e-b650-fd1c53819e11	3620	71ac5fc6a8bc6b580bbc92dcb2d759b7f3bb8f94a23be496e2b0946847dd04dd		7af16bf0-994a-4356-b945-c69b66792a57.json
IDG	026ab5fb-12c8-4f6b-8d0f-83d08335b0c9	4437d0af-acd9-4809-8169-24d95101b88a	3496	c7ad8f8198b9589f5c3945046e4577d7a424ffacd26742d99da969a3970b1350		026ab5fb-12c8-4f6b-8d0f-83d08335b0c9.json
IDG	d33bc155-04c2-4fd7-91cd-fc4fa552d687	a817b0ca-527d-47de-b97c-ab6655a6a307	3780	98423b8825881c06f92c4e561a9646a59fa61a54f9cc822e81f5a90ed81b680c		d33bc155-04c2-4fd7-91cd-fc4fa552d687.json
IDG	a5f7dec0-282d-4b51-a366-8cd786fb2bab	a840c617-fb2e-46bb-a11f-96c58083e23f	3627	325e1dd8e9732d3ad1dc683ad74943a7a3a2d3fe6093538b7566a69c5a25cc17		a5f7dec0-282d-4b51-a366-8cd786fb2bab.json
IDG	3a65227c-26d5-4b80-b76f-3f5d281e18f5	30e9b548-05e5-4747-b8c9-a19480016ab9	5518	9b08fb8535bb4e41a10be9d3f2965a976699d844db6a99b8feafe16464d2b655		3a65227c-26d5-4b80-b76f-3f5d281e18f5.json
IDG	80a12786-33d4-4e71-a030-c01a200e22e1	2fbf8437-81b1-450b-a165-ec56cfaa2aff	3768	d9ad1ef25a3f2b0d3d2e350c489ca03153cfe8c19d4ab27571b9368f291645c9		80a12786-33d4-4e71-a030-c01a200e22e1.json
IDG	c9b73e83-f890-41ed-b7b7-451dc790dc4a	55a5e4fa-c943-45f6-ade6-263817e109a0	5532	07653de6c7c4353e53cfe33859cadc4b35e9d57558e679e0ff724c3ff6ecef51		c9b73e83-f890-41ed-b7b7-451dc790dc4a.json
IDG	9be337e9-b7b2-44eb-a1c8-0324eaffb943	a73487a9-5440-4a5f-8ae9-9e2c7b4c26a6	3634	22714978da95b3ab783fceb2f0af0b365812201088e02ebc477bfa4d8c5a3331		9be337e9-b7b2-44eb-a1c8-0324eaffb943.json
IDG	ff0d4116-865d-4718-a886-65256590bcf5	a8d9ee9d-f160-4787-899c-ea16ed2f2b63	3768	3e9c15a5e5fca916bba691e295effb07097ec16be5de2be7c8086f5870fcf087		ff0d4116-865d-4718-a886-65256590bcf5.json
IDG	5d8505ef-4a4d-43ca-a58d-1f2f87116aca	447d65c9-b240-4eaa-8f35-c775c5d19f32	5538	dbeb80b7ed09b477ce380e396b6d6bf2c5c64730879650dcc0341219d7bfdffe		5d8505ef-4a4d-43ca-a58d-1f2f87116aca.json
IDG	01287209-294f-4412-aa89-a84fb96857e9	f6d03639-fe77-49f7-8b19-d3b47ebb6f75	5503	fffb916476575c5210e6f592793dd2fbdaa9d3d96d89067e136d4ffd6c2eab98		01287209-294f-4412-aa89-a84fb96857e9.json
IDG	85c7adcc-b9f5-4ee6-b2c5-a71a97c6e01e	3bf6137c-c949-4207-82ed-29196bb2f218	5497	001c89910e68f126fa2381856c085b5543a31ec706154cdae2afc4aaa7510a08		85c7adcc-b9f5-4ee6-b2c5-a71a97c6e01e.json
IDG	d807cf64-319f-49dc-a3a8-8dd3c9766a12	f64bb9ac-950c-41e8-9efb-9d1aef118751	3787	0b42aa0168ea86e94c94717dc8037dbb1d27652085784cd1f25af2233d7c566f		d807cf64-319f-49dc-a3a8-8dd3c9766a12.json
IDG	fafb2532-710d-4f67-bc4d-9e26244986b7	f854037e-63be-4e55-80ef-0d6e33081913	3634	b725694820cecbb2f15769175658b510ee638f2ad7f949a4930be5f084dda0af		fafb2532-710d-4f67-bc4d-9e26244986b7.json
IDG	f119c883-a81e-4522-8227-33ae55eb572c	8eee5714-acc8-4124-a31d-0bb2565677bd	3474	f61882c4be8bf5d23eb536f5ae715ea67de63a5996d79ca17e3e8757c1f082ae		f119c883-a81e-4522-8227-33ae55eb572c.json
IDG	8bbae3ad-238b-41b7-8c09-0539414f583a	979072a2-7526-422f-bf02-893b67b61ce5	3773	0ecbee7eec6e446697be353d66c62fe3a2838b1dd271ea1070270604380d29ae		8bbae3ad-238b-41b7-8c09-0539414f583a.json
IDG	9a32ea90-7ec5-4fe0-8c5d-c3ad37969549	657f125b-f01c-4d06-8334-417c80d5f35b	5502	b16aa19320e74fe8263d5b43e87379d7bda63495c58f309b90fdee72f70b20a2		9a32ea90-7ec5-4fe0-8c5d-c3ad37969549.json
IDG	5c350d90-e441-4a0f-a054-38cf9155222c	e727196e-533a-41aa-a75e-36ddff35f6f4	5522	5a0eeda152d9684f6bc1e236d8039e20a1dfa7523dfa0f8d9b1c6ed74aca1847		5c350d90-e441-4a0f-a054-38cf9155222c.json
IDG	b0cc6ae9-5390-4121-95cc-cf8b02c2c70f	825eca59-1cd3-411a-997f-b676c745db87	3474	2873c236dca6a50105757b52c2c0ced84ffa63dee79f3a50455a16ad2c4b64e6		b0cc6ae9-5390-4121-95cc-cf8b02c2c70f.json
IDG	719190ab-7026-445f-8cc4-459e9e80893a	362f8506-49f3-4e07-818f-39e778cf27a0	3818	dc788d4577eca95f3ab341eb69b98e33971e908aceb5e761cb25723f2f7a9053		719190ab-7026-445f-8cc4-459e9e80893a.json
IDG	da590e44-2cc6-4e1c-91e1-1210376cafbb	4f1e3663-001e-43f6-9650-276a41fce628	5503	e7a4ed09124bc2758d7fb1bab2a86eb16c9665e39a6422b6da34f6173cac98b8		da590e44-2cc6-4e1c-91e1-1210376cafbb.json
IDG	6cf0064e-f529-4dea-99d6-b4e7d7257e56	bbf4d23b-8310-4b7a-838d-563671743085	3634	0871ff01d18e3a636c8d657ac3a3f78377d71cbeb1f574dbf1cef9f67b5c842d		6cf0064e-f529-4dea-99d6-b4e7d7257e56.json
IDG	0b36a77f-32d6-4f4e-a188-5e93a9e1351f	cc067e8b-fe50-4bf1-b97a-da2ed3616600	3785	02cb7f2d1ac22444ff33ea61646eb762f140883745e20c85a20dbd63b3f8a62d		0b36a77f-32d6-4f4e-a188-5e93a9e1351f.json
IDG	d5774cdd-ced3-4dfd-8339-c0322c6dd3b0	1cb236f4-0a53-4aaf-8123-09edc7041b38	3634	a65abd58b5815caa2ee9d598e4ff0512cc6795515c204708c5a55278c2a00ba0		d5774cdd-ced3-4dfd-8339-c0322c6dd3b0.json
IDG	fbdf39eb-5265-4003-8f65-8d25d75beeee	8daa5680-fa9f-4702-9539-bcabf740bee5	5528	b6fe8251243b80f813f277d23aa8b6ef4baa75444fe447e747bd1ed328146d44		fbdf39eb-5265-4003-8f65-8d25d75beeee.json
IDG	d274f94b-d5a6-4135-96b2-06581220986a	6c068e67-18a3-426c-9546-380957e4689b	3496	b1dba31a3bebd4b06d0ac16ab4bf10f133bb37c5860c3b12db74391e92b02397		d274f94b-d5a6-4135-96b2-06581220986a.json
IDG	ef90efbb-feda-4716-8593-6d788e58f18e	d3b15016-79a0-407a-a57a-227a02ec9173	3474	ec643bcbbb489b1ebfc2db7c0c52f221cbf415280fafdf7348fc844927995e08		ef90efbb-feda-4716-8593-6d788e58f18e.json
IDG	640251ba-9e76-47ec-b1a8-295461dc295b	65bb56a2-75c5-4912-9711-b1abc64f292d	3473	eb0c047927e39f6cfdb5a6fc4e5c9f712aa1a309186207523287306a60c51215		640251ba-9e76-47ec-b1a8-295461dc295b.json
IDG	0628a7fa-2196-4e97-ab3a-df0036641cc6	f8bd745c-776b-4acd-ba25-24ecc332f788	5498	2849349919f78755c00dc0e9f3a742f7e2434e4b73494f55055c325081c443d1		0628a7fa-2196-4e97-ab3a-df0036641cc6.json
IDG	d2a2c8e8-9729-4b5b-9220-1625eb377572	67f18ee6-000a-48e1-a647-aefe0d68d76d	5546	417573beef366a096074f6bc93b2be938bdd325e4fdc2f7cb1015367fb75f8b0		d2a2c8e8-9729-4b5b-9220-1625eb377572.json
IDG	50829034-8a3d-404f-8e06-bff26bbe414d	22e2f595-5ad2-41cb-a1cd-4e8b5f4612bc	4888	81d389901c5bb9eef186cc7a8655c0dce58b4c5a438531d852a10e56e4c28b5a		50829034-8a3d-404f-8e06-bff26bbe414d.json
IDG	ae9a77f6-7eab-4570-82e8-5d7973bf1131	cffbad36-8bb0-43b8-8032-cfc71396651f	3768	4c8077bbefdbf4b898503eb3182f028f501936745a24ceb53e4cbcd6e3523804		ae9a77f6-7eab-4570-82e8-5d7973bf1131.json
IDG	a6c98421-ecc4-4bac-88c1-29b9bc17b549	22e40714-5bdb-4133-9717-ce0d50bbe7d9	5527	3c96bbf693a1fce631b112bb2098d017404378b0794fab438c5bb1ae75aed07b		a6c98421-ecc4-4bac-88c1-29b9bc17b549.json
IDG	a52e203b-04f0-4d4d-ada3-f2e4a5c87a00	df7bffc0-1344-4025-b8d7-0daa9074ea1b	5502	535ad7586b1692242d4b817d3106bd8505fa02e5ec8d4d66b83bd52f6305649d		a52e203b-04f0-4d4d-ada3-f2e4a5c87a00.json
IDG	61b5907b-30d7-40a4-a76d-c01568588911	1419eea8-0ade-4ee1-8376-b91f73ec87ac	3627	861e68c51f63dc6df8ecb94ede368c7b6dc39df13d20903c7808cfebc914e662		61b5907b-30d7-40a4-a76d-c01568588911.json
IDG	b7be59af-afbf-44a1-8c0d-7c167132eb0e	b1cf6acd-d0f1-4f06-8a50-aed2b7b81cbd	4940	59a1bcd65e84dec1c46afafdede40fe9567b512adfc1e91f81f76a9fd196597f		b7be59af-afbf-44a1-8c0d-7c167132eb0e.json
IDG	3a57d714-4182-474e-8d59-06e4827234f2	64dfe66a-a7b3-4336-9fd3-a74b88ac8190	5555	20bb86d92496ab3ed630cd9b860828d2e611d3580e90cd5fe6d7c9d159b13f73		3a57d714-4182-474e-8d59-06e4827234f2.json
IDG	813cf810-764b-4c98-8735-56a690337a5a	c2562452-fc85-4c94-8ed6-803b83961cf5	3780	57c9143527f9d578f96c6915d89bd6636d8ce1cb2f04bca9bea90487162b5024		813cf810-764b-4c98-8735-56a690337a5a.json
IDG	9b49beba-479a-4522-922c-a865dec64e22	9f7c7f3c-2238-4e48-8d08-8bb430baccb3	3770	84f397b2860960615f716b3cf291c4e0f33c16ed749582ceb844727475354bde		9b49beba-479a-4522-922c-a865dec64e22.json
IDG	b770ebe1-c306-424a-840d-87301618afc8	dd96f11d-b31f-48d9-95ea-bf1b040bd2b5	5522	82e28b5776e79b55db233a2765dc6ff8c307602fb4c1c9556b0d4fda7e58c3df		b770ebe1-c306-424a-840d-87301618afc8.json
IDG	a0d0745f-5465-485f-bf4e-8b8ef40f4015	af0aead1-12cd-4af4-bac6-5528d1cb87cc	5539	b53a06482939b24f1245a1df791b2513922cfd1e433ddd7e21eee3d1b871a2c6		a0d0745f-5465-485f-bf4e-8b8ef40f4015.json
IDG	554c4c5d-a68a-462f-96b2-f2e64e5c97e6	7b3d4964-c809-4a77-a079-f494571b0338	5541	32a354f8f853f919ccf3790ce961d5298b9877eb31f48bb18e7c472a9158497e		554c4c5d-a68a-462f-96b2-f2e64e5c97e6.json
IDG	3cb0f53a-5b60-4089-92d3-6349d7ced50e	8de46e0d-e04f-41a2-87de-bcbcf0895af8	5527	782331bcb04af80ef4dad668a6633d85cb65daed8d8b10fc977a0a010bb996f6		3cb0f53a-5b60-4089-92d3-6349d7ced50e.json
IDG	caff38ca-a3b0-433b-9843-84cf0c2dd8ff	01bf98f0-a4e9-428e-bc2a-0b6ccd1df49f	5521	8998c731334a2625c718b1dd6059d13509aeac95c220d6067ac468ea0a80a363		caff38ca-a3b0-433b-9843-84cf0c2dd8ff.json
IDG	c36effc5-8c77-4664-959d-cab107327636	5d44aac2-71ee-44dc-874a-bf3e50de503d	3780	75bcd88534b3ed48962b7390ed5fab19a0296e6cd37836bf9fcda976c9554589		c36effc5-8c77-4664-959d-cab107327636.json
IDG	a34f85c2-d06a-49f2-b9d3-94353dfe674a	0897917c-1e41-4452-a0c5-ec80ec35c3e5	3773	a79d9fc5194b16fdfe2403fbc8b582a03c80430441ebdf1e3b97822a02378f02		a34f85c2-d06a-49f2-b9d3-94353dfe674a.json
IDG	1b164a5f-fb16-4f9c-bc29-4e603b03e7da	a832fa15-549e-415a-a3e8-f95be8512321	3634	fc0dbfb0692e23209b5adee4f3a0056697f795a0ead77bfcc87b40e3c5b2aefa		1b164a5f-fb16-4f9c-bc29-4e603b03e7da.json
IDG	aa053fe5-de9b-49e3-a2f1-8933ec7a22da	e8c5511e-84b0-43b4-bcdf-da986f18904c	5518	8da222825cff9289b1f760bcc597ded3820d612ce6d5a941db3e6f24690eddaa		aa053fe5-de9b-49e3-a2f1-8933ec7a22da.json
IDG	f6e34cce-8089-49a1-855f-9af979a71ec6	974544af-2f4f-4372-8560-71b2b8db6da5	5540	3df5947d434c2a419d89e403b84e9255c11ea8d4e62cd84dfa880b54e99caaa1		f6e34cce-8089-49a1-855f-9af979a71ec6.json
IDG	ffcb189e-b766-47a5-ae18-9ea3cabe0436	1ddbfd11-4ec2-42ff-9cf4-5056d4e86c0e	3634	05440456cc7922e1e0e19412471ca6b9fe2e226f44ea3c7441f3a6f5314cac42		ffcb189e-b766-47a5-ae18-9ea3cabe0436.json
IDG	8703a447-8771-4801-a66f-9a34515bd306	bbf189fb-63ae-4df5-a61b-0a6469521a7b	5529	19f052a6bb4d6c3698b5a7ff18a1a16a711ef705d040fa7b57373b5e3d7e0f27		8703a447-8771-4801-a66f-9a34515bd306.json
IDG	df357c6f-061c-4d6d-9d90-5533f5aa6ebc	f158af4c-528b-43ea-a2c4-f44f7ccc4acd	5514	b3701231501d996785d3d0fbd427642d3559e81be92a1e5f11087a11d6006e9f		df357c6f-061c-4d6d-9d90-5533f5aa6ebc.json
IDG	212e0034-63e8-40de-8159-696fb755c528	b2af35af-6cee-4faa-b315-ce920968ab14	3634	c4500b4ca1a912c69ad3bdd7b39f7a6f64a19daa432a4857e512f6a052be86a7		212e0034-63e8-40de-8159-696fb755c528.json
IDG	c8573bbf-444d-49e3-b83c-1f1ee0a96e0f	7e8bb490-8e4b-443e-b4f4-f3e51bcae7fc	3667	eaf3a2f74050ceac347e2592f3679f84ca6c2e57d61c8f75a5d0a0e4b5ea01a5		c8573bbf-444d-49e3-b83c-1f1ee0a96e0f.json
IDG	9d51d0e5-466b-4a4d-9c9e-41118ece0efc	69c8db22-6964-4b91-929c-ba567154f0ee	4941	b3874beb2779aab8cd171da22395ddc16fdadc27a6d77cd377e01a2704a43b45		9d51d0e5-466b-4a4d-9c9e-41118ece0efc.json
IDG	361236b3-202b-4201-9b54-d064ebc5acab	b204b9a3-5d20-4442-9d3a-76b8151487c4	3773	e5731f19accdfb9889ae27036cad6330a55cc2143fffc8dce4936687627e3ebe		361236b3-202b-4201-9b54-d064ebc5acab.json
IDG	bc31d564-43ba-4883-8676-488ee9c3fd6e	92f86519-f383-4312-b760-36477ffcf83b	4894	d16edd3085956f1cbdf3d45826aad8ccc2bf7db21118224201ec388a2e2dccf1		bc31d564-43ba-4883-8676-488ee9c3fd6e.json
IDG	0eca82d7-da10-4c04-a562-09e2283a59c3	d9ebf2b1-e7f6-4b1a-8ede-ca1b90eb83e6	3634	62a1d4faf3ddfce3d7934e3b19533adce5950f51003e755f28079649f5bcdfe8		0eca82d7-da10-4c04-a562-09e2283a59c3.json
IDG	d07dad2d-ca80-477b-8c9b-ab4cfdf20807	2ea4216a-a142-4b86-9518-19867fcd6ccb	3627	c34c21abf72cf72b1c53c35069a2c5400ae0ede02ac0a1759f6acc052e0f6190		d07dad2d-ca80-477b-8c9b-ab4cfdf20807.json
IDG	86a51380-ab8e-4a19-8b98-ebc861c42d82	0bec1aab-44f9-49db-bd03-e4daff617a69	3634	367887d433b34deb58cfed40ee05e840b6073d334543edb18e58c3f15c9fdd3f		86a51380-ab8e-4a19-8b98-ebc861c42d82.json
IDG	40c21961-0674-4c21-954a-0f50ba9300d2	0183b238-9fa3-4ef1-80bc-19e599198a31	5534	5305148aad304020f2a1292842972edb7646a5de0fcdb73b92dab73a1bf4db48		40c21961-0674-4c21-954a-0f50ba9300d2.json
IDG	c590ec99-49de-4ea2-8792-27c6d1d7f8bd	d5245206-c350-459d-90b8-a244c3ea58ad	3795	e818890d120ba82158407be0986d65453578458ebc37226aa5f3d663367767c0		c590ec99-49de-4ea2-8792-27c6d1d7f8bd.json
IDG	aef3df75-26b1-4723-b083-a80fda603112	492b4ce7-df16-47f5-950d-896b5d82f948	5502	81d1fe5beb5b383735de09c5f99afeeab21d7d9e4281fa30750f521152c2855e		aef3df75-26b1-4723-b083-a80fda603112.json
IDG	6930d467-6580-4a07-aead-44f3f9925920	2995b454-8518-4b4e-99db-20c233f47da1	5527	6da10a1431c0b7782d3675a948ccde42a1748154f9d03b7118d4a69fe81f65dc		6930d467-6580-4a07-aead-44f3f9925920.json
IDG	c30d47e2-42b0-4a34-adc9-c77e8db3e9ec	5e8d5fce-e5f8-4b59-9eca-4dbe9569e4c3	3480	3d311f3dd5f5c1a4bc97d4d284827d1cd56647bfe68082b35cd1b9455ceb1501		c30d47e2-42b0-4a34-adc9-c77e8db3e9ec.json
IDG	49fe657e-d181-4adc-b2c5-53cbd5206104	24813177-eccd-422d-9470-8d7a309c64df	5528	17b58bcb4200e22c97625d8a3b635b0512da7636b014ab375a310dfc8e610991		49fe657e-d181-4adc-b2c5-53cbd5206104.json
IDG	a95d99b2-b260-4cab-a3ed-64b6647da933	439b3003-b5b1-4ffd-846b-e024c03a415d	5528	ef384f1ddbae71331df5b378dc363a4294262f1fe5f7f67e8bf40f74dbf546d8		a95d99b2-b260-4cab-a3ed-64b6647da933.json
IDG	e155dde7-2464-4450-91f5-db8d71ad205a	20752ffe-fc2d-40e9-9819-e2e47e14d028	3492	8d97481b555ec29d08be017fff7816954a891029f2866a95b7c39bb18f0de53c		e155dde7-2464-4450-91f5-db8d71ad205a.json
IDG	3e780320-60a0-4e56-8f9b-c222af3ae629	8de2abb8-9b04-4a88-a90b-4d92cd38ef22	5534	cde00dfd3eff7097a9c873c1da610f1c6dcfc5fcce2c615cecc621006031a7b6		3e780320-60a0-4e56-8f9b-c222af3ae629.json
IDG	84921f5f-9ab9-4fb1-bbdf-b642356b95ee	7c6cdd20-0a28-4fdf-8570-1ebab83162be	3634	f00b8be7b92becace9d64f366941bff41d93d7a48f3bc54774c4c6be516ffcd0		84921f5f-9ab9-4fb1-bbdf-b642356b95ee.json
IDG	7d5ede8f-e210-4d03-87a3-f943912df5b9	81023573-5bba-40d5-9c89-0dccac2b9dbd	3641	921d504c689609ec76043ba61e5f9931edded78e0f9eea5cc74a13435299625f		7d5ede8f-e210-4d03-87a3-f943912df5b9.json
IDG	55eac0c4-c07d-4a9d-8784-934b93b06e11	77b28ebf-2751-4fbf-8e10-0ffc64fa29ce	3780	f6955a9b68542e45c4dbfe5a699cd45168e32896131e1f84876f8faf1aeb5951		55eac0c4-c07d-4a9d-8784-934b93b06e11.json
IDG	c8bee4e8-8019-4343-a407-f1cb6df77f45	a717e484-c45a-4f31-af50-2113d6bac64e	3785	4371142612b9f5f69ec1ff28bc04311e1a058ac7ac085347db377d0f42f4665a		c8bee4e8-8019-4343-a407-f1cb6df77f45.json
IDG	ed1c3f05-f3d2-4089-afe6-6a4666b22766	83dc90db-d63c-499e-8950-9d592b1d0dac	3474	2b1b750f540da9e1cfe53ca0627e0c2e9743f9fba9a3f12e8c8549fe73984d80		ed1c3f05-f3d2-4089-afe6-6a4666b22766.json
IDG	416bf178-d935-4611-aa10-a3bc4161cf10	b584fc48-9a61-4089-a14f-a5204e24dc2e	5533	0dd7431ffa2c23f20ecb7190410d2c540be6895a813482b7a0c063743bd991e3		416bf178-d935-4611-aa10-a3bc4161cf10.json
IDG	c66c3609-800f-47fa-a28f-41f217e18ec7	abb8eb6d-61e4-4d86-9fde-9ebe65bdd7c0	3472	fba922f5670d68db89f07f186f603506dee856e13fd315ad2d01263a12d5e96e		c66c3609-800f-47fa-a28f-41f217e18ec7.json
IDG	f7eec6e2-966d-4590-878c-d47239e8c59f	3658e685-6176-4c49-8571-e0cc6d94abaa	5509	e5ba257a9b0372bdd67778e7a54588902eb72e5bf003a4fcea53dd76696ba70a		f7eec6e2-966d-4590-878c-d47239e8c59f.json
IDG	7687b354-6d2e-472a-a499-41a5aecbf197	e2ff3ba9-4fc0-4fdb-9cb5-da6976660717	4900	ddfb09e6d756cb71c052040803e9fa097508869e6ad332f7e76f7f208a985a10		7687b354-6d2e-472a-a499-41a5aecbf197.json
IDG	3d58cb33-f262-4c88-8dd6-786a724c2ff9	194fd9de-0d2d-40b1-ac62-fd11e9085901	3780	51b5ec0fcc5170d89e9f963bd997753bde121d99d2abfa444c817624f2328ce8		3d58cb33-f262-4c88-8dd6-786a724c2ff9.json
IDG	4b42c8af-c605-49eb-8149-2871d3627cbb	7d7f81b8-a1ec-4698-abd1-90dd2c7f6ede	3780	748f58a9a049188ce736e60732ec679ff91ebbe7a717be92ab48f128f3ef2d70		4b42c8af-c605-49eb-8149-2871d3627cbb.json
IDG	f94c6edb-3d97-48e9-832e-5a427c50fff7	63fea617-94fa-4d50-8d61-f87ecbf5efe7	3479	2996706c7fc7c6ac378f555db0109907743f70c634f7bfcf4afe34e29578d80f		f94c6edb-3d97-48e9-832e-5a427c50fff7.json
IDG	fff4e863-e22c-4b39-83c8-ef15fa6706e8	6efd3f55-45f1-4f75-8548-fd81a9cc703c	3780	e0964a168da1bf1fb665cd980a023b4ef22f8c643eff272f37309f300fa01fcf		fff4e863-e22c-4b39-83c8-ef15fa6706e8.json
IDG	c86e22d9-a1b4-402a-a4fa-c00d0c8a6030	eab42af6-4d87-4f25-aa00-eb9573a5de32	3775	cc7bef72dec886cbd992bc0c5f3559a3ec016278de00e3a9685bc5efb8c270cd		c86e22d9-a1b4-402a-a4fa-c00d0c8a6030.json
IDG	c3bd9e18-2dcd-472d-9f23-52632f0f3784	7538a6b4-1e03-41b1-aac5-8c7d2966aa3b	5503	84008f12066ff8a2f69dfc1c3870b25e181042eec39f700d125a7d3331fa19d6		c3bd9e18-2dcd-472d-9f23-52632f0f3784.json
IDG	d2a331ed-ac32-47c7-8d75-9971b2d6f118	bce7bbfc-ba55-4784-80f8-9267c88a36cd	3648	c85914217942ec236ffc1b9e3f37b1a8e4f248914164bf83588852ecc0a626ce		d2a331ed-ac32-47c7-8d75-9971b2d6f118.json
IDG	48d3cf1b-edbc-4f26-8ac8-4145acbf1602	5d87d0b0-0b42-464a-9088-2f6234c6a856	4884	b5305d4ca486050159deb4ccf913765489fcda4a3b54deb30e4181bae499b019		48d3cf1b-edbc-4f26-8ac8-4145acbf1602.json
IDG	5c518ed8-9494-48b7-96cc-8826da7b0f45	8a51cc7a-9d33-4c58-91d4-7b2eeaf3e384	5555	39434feb755874a888c34109ab18ed7b3cd09f3d71c119af747b02aa56afe716		5c518ed8-9494-48b7-96cc-8826da7b0f45.json
IDG	cf04afb7-a404-4190-9382-eaa86fca2852	24610b39-07bb-4580-8403-ed7e910c461b	5503	3f4ae4e3f872f8438d3d3b25a1b6309d582e8ff3b6c4475ebd36a9800f837510		cf04afb7-a404-4190-9382-eaa86fca2852.json
IDG	954be345-2ed2-4805-94e8-10d41a92e27d	9d25e578-a19f-4d95-95f9-e5cdb56c5cd9	5508	fdbc1b84d05aed0132c5ed5980129eb71b9ecffe8fec7cee67188dcd4824e905		954be345-2ed2-4805-94e8-10d41a92e27d.json
IDG	581b6115-012b-4909-9023-65d7163feaf2	f548a684-65f6-4b9a-a8ba-4f9123458b12	3479	d56f8aada1764b5320daeb707ae2ee6674116a43f5c47a50afc3681d095c3bc2		581b6115-012b-4909-9023-65d7163feaf2.json
IDG	e8e6192a-9e4d-4da9-9532-2bc7d7ecdb67	2378a264-478a-4b27-a519-1d159bf5248b	5522	a090c12c69095430530866ab5d217c995a22092c9181d793c97ec04ce81e8b2b		e8e6192a-9e4d-4da9-9532-2bc7d7ecdb67.json
IDG	3d06acff-fb54-449d-9fff-4a33f74e5a98	2aa62175-8ec7-4022-ae03-54773e82af81	3468	154dc3289ac51b6d6fdd840a6f6a7127050a38b2f8831a59069f92fe06f21ea7		3d06acff-fb54-449d-9fff-4a33f74e5a98.json
IDG	d62c5e8b-78cc-441e-be8f-8a64b1a35721	f5af18c6-ba82-47b8-a5f7-62b89d3f38d2	4918	daa04f93fca91c94614ca00bcd49690e4785190ec5fb5353587fcc3f7ef1b56a		d62c5e8b-78cc-441e-be8f-8a64b1a35721.json
IDG	9ec303bd-3f9e-4cee-9382-52dcb58616e6	8365c44a-4428-4797-8125-433366050f14	5540	7f123f187948fab95b63086167409c4e318b98eebc8804d3298c5f9b5053fb63		9ec303bd-3f9e-4cee-9382-52dcb58616e6.json
IDG	c6a5caaf-c7cf-4ffb-9f92-ce93d6bc6dd7	62f321da-922c-401b-b70d-b1e991e85c30	3778	f3f9b217c6ec68b1709188dcefa8a22e5623f5e683073b9db6726a88ee0cf650		c6a5caaf-c7cf-4ffb-9f92-ce93d6bc6dd7.json
IDG	596ba58f-a605-4d26-85b0-69a2727be11f	c780da79-7a0f-4028-810d-f10c8df29637	3780	4848de5b2e984046c5835db829b2eadc57bfabaecb0ec7d06da8560609d7bb3a		596ba58f-a605-4d26-85b0-69a2727be11f.json
IDG	35fa5ff4-e434-42cf-a4ff-cb0bc510c7a1	180ddcb8-6adb-42ad-b2a3-22838f472c39	3503	fb35aaac5a9b9a57480cab5a439f10d291b0bd3b2a22a062cd1ee6e008f81b3a		35fa5ff4-e434-42cf-a4ff-cb0bc510c7a1.json
IDG	94247259-1836-4f58-a95d-4709001b2726	1b6875b6-b683-47d0-ba86-55500746683e	5540	72d5e551dafc56317be429a931bf5191dcf418435cc2f3916c65f1356b5ab9d8		94247259-1836-4f58-a95d-4709001b2726.json
IDG	38ef60b2-8edd-4ec0-bd3d-27fce8745107	eb99c46d-ec47-42c9-a525-8a35920fd620	3785	1449e61eaa3ad41fff06fd482eed10d9d7e75c3b5500e211fb23d341f18d1fac		38ef60b2-8edd-4ec0-bd3d-27fce8745107.json
IDG	60d958bd-646a-4cfb-a08e-f32ab43ca72f	640fe07c-b91a-4aa4-8812-168b14682f4d	3634	29e00324102cae4eead5cd552fbb9ae2f7ab4ace474befe6b883069e916e4fd3		60d958bd-646a-4cfb-a08e-f32ab43ca72f.json
IDG	bf8a5417-6f03-405d-8b76-51c2ad79b850	5658d8d8-372d-49e0-a602-9849b4705eda	5544	ab91889efc68797883c4e205937102b5ca80cee1872203f0bdf82f8de81bfd76		bf8a5417-6f03-405d-8b76-51c2ad79b850.json
IDG	d18e0cf4-ee5c-405c-a834-caad67f242a3	a4e27ba4-e0a2-49a4-98eb-81f43bd86042	5544	b150a35d84263073fa1f7e149031f979d980045501c3f9101f4fb827d021f0ae		d18e0cf4-ee5c-405c-a834-caad67f242a3.json
IDG	28d1e70e-926c-44af-8c87-79ef089c0287	6e5e5ede-1127-47d0-a2bb-d3540fab9e02	5527	911e870dd161a5d36c15d6153cdeaff31bd74a72c17dd6eb0acfcb126fdef71a		28d1e70e-926c-44af-8c87-79ef089c0287.json
IDG	91cdd319-42cc-41e2-8fb0-e71747366db3	f5a7d008-28cb-44bb-a7da-c66b7e2ffcf0	3627	7a1b07e83d98ddc5158bc547b3faf0b89472540b347e00a2e911425067872045		91cdd319-42cc-41e2-8fb0-e71747366db3.json
IDG	a31c64c3-95ce-47ba-89a8-fb1701bad115	4b873454-41ab-49a2-844a-387d2f606d2a	4879	8d7cca3b3234b6cc332e55e6550c067b10f70ac354d73d462d5e58ffd7587f69		a31c64c3-95ce-47ba-89a8-fb1701bad115.json
IDG	7cf2245f-4d39-4850-8981-6fab0f6d0e6f	0448e5ea-ec76-407d-a1a5-968d4f5aa784	5508	837e5d9579d8a65b57bacd5c47f6a797d5d173123e0e229c5b873aa6fb241e0d		7cf2245f-4d39-4850-8981-6fab0f6d0e6f.json
IDG	a7749118-2d9c-472d-8a1c-7104b88e4e68	5729f175-aa16-4b6d-a376-b00a4283d622	3474	bbef4d850546793f8a58e436549403b6b769cb876a0ea7d0b91900353b1a8e97		a7749118-2d9c-472d-8a1c-7104b88e4e68.json
IDG	2931a827-ac41-4129-a04d-f7300b09e384	08ed28d1-96e6-4469-b4fd-db31360f9c10	4862	6535e1870478d46e2081b3b747e80b279cd64dcf3c5d1fce63c596e3ea84b656		2931a827-ac41-4129-a04d-f7300b09e384.json
IDG	7346a912-3684-4ce4-9c88-21438ec7000f	db65be23-eca6-410c-a2a7-6633f07e742a	3474	22b0b9fe7a04eb9c91fa408cb52529e52af326a7371c82617cc5a635533075da		7346a912-3684-4ce4-9c88-21438ec7000f.json
IDG	59a9f42a-4ccf-49f7-bb11-5a7cf447e055	eb749c4d-3114-4f50-b7de-c54c068467fa	4900	91a9a5b6017d8d22db9bcb0ce7f2f0ea3d82d539d0931fa3c48c9a298f3de2ad		59a9f42a-4ccf-49f7-bb11-5a7cf447e055.json
IDG	8afc7252-1e46-4ce6-8e0e-dbd14f261314	e22f9b25-80c0-4a86-81eb-c931223cb1c1	3627	bc0c5f8d8125951593c13c8ef250339ef480d60f45f227c73a305aa9895b898d		8afc7252-1e46-4ce6-8e0e-dbd14f261314.json
IDG	0503b888-3052-42f0-b283-d2571a0f1a97	e737901f-ce54-4837-bc8c-f5551b579b71	3780	2bfb86838e9962335f8b3998cc3bf7afd1cca125cca3cc10e60f581e2b237f7f		0503b888-3052-42f0-b283-d2571a0f1a97.json
IDG	83db7b2c-6fe8-4911-a654-3251fdfcdc9e	c9d0a83a-1bd8-4528-bdb6-bb0ec974ca4a	3780	a3f88239af4370a68e891eceb9263b0c1a27367b9e3e9bae8d2d5a02e1981a67		83db7b2c-6fe8-4911-a654-3251fdfcdc9e.json
IDG	a2efc0bb-8c94-40eb-a5c3-0f296dd76149	7468d8d4-c208-485f-98ab-cd9985a533db	3780	34dc66e29368c2716b150d2cced896f8b257c7a9cb4b1af62237649d90d99d43		a2efc0bb-8c94-40eb-a5c3-0f296dd76149.json
IDG	226c019e-e6b0-42aa-9d65-ce2e37f4c103	9116d918-be58-416a-bd2a-d9ee722c5148	3634	129c91752b959a35c5c7db97a0ef38262e14a37910fb91f49a907ae799447b6b		226c019e-e6b0-42aa-9d65-ce2e37f4c103.json
IDG	d16f8523-4af8-4f92-9b85-3a9cdae7d61f	2da3e3ff-0347-4a22-84a8-6765b8ace9e1	3627	b7417ecafe367671a977b994bc175b502e0eed3d8591714307671ca5110a3d6d		d16f8523-4af8-4f92-9b85-3a9cdae7d61f.json
IDG	3dc224a0-e92d-4937-9715-2ad49c39b081	230e004e-7bda-482a-93a9-f5a64b65b896	3492	eae6369241f170c6d420c199ab05f3cbd095de35b74897145a8ddba09873b7e9		3dc224a0-e92d-4937-9715-2ad49c39b081.json
IDG	520d10a2-2aa8-4b79-a039-24d731c5f2c3	dcc56ed0-2d3f-45fb-8dfc-727606cfc48e	5543	cd058bc40d5b26502ba75022ca61f1fabbcecac3075e63c87bd6e0fa57e3d2a3		520d10a2-2aa8-4b79-a039-24d731c5f2c3.json
IDG	62f33424-d946-4b73-a483-3b1dae9d43b4	7761bfa5-788c-4451-b002-ce1fc320131e	5533	d3531fbf809565a6b473f0a443396ab1c8e71ce6d2153b36381ebc8880b368e4		62f33424-d946-4b73-a483-3b1dae9d43b4.json
IDG	833ef627-a261-4afe-88f3-ecfd39fde2b0	43a5a22f-d0d1-4f4a-9265-189a4e4ca799	3648	71a98f81f0f3d0fc07d68ef42ca531ac93df9cc79449a42b8700429e05f9db71		833ef627-a261-4afe-88f3-ecfd39fde2b0.json
IDG	909497b2-c9df-4299-9255-7090919480a8	f1c8f122-0f7d-4eb1-b3b3-1d50b8455eb7	3775	da3af87c5df9c58fed764c59d3096a4b19071e5913b074ddfaffa8cfab6c8e6a		909497b2-c9df-4299-9255-7090919480a8.json
IDG	e2ad7890-cb9b-4e52-b012-58c79351d85f	757d198b-3d68-4707-9368-a8a508134085	3479	3f5513e1817edee404309b51eff356a7043dbbf0b76c79ad6d415ea4123abe64		e2ad7890-cb9b-4e52-b012-58c79351d85f.json
IDG	1334c6dd-138b-4485-b9da-dc63eb718a2f	2d443c0a-2923-4826-9afa-d3945c9b215b	5497	ff799378d3408e704bf850b3ed703260f079762685088706db28321e130aee0c		1334c6dd-138b-4485-b9da-dc63eb718a2f.json
IDG	7cff6d1e-8c76-4dd7-88e5-29010c5c83dd	cd335a77-f1fc-43c2-abfa-a4b6aafee712	3785	7dfdfe803dec02b80a6362e1f65535770ed1ff023e03f8ff6374d0d93cc3a46a		7cff6d1e-8c76-4dd7-88e5-29010c5c83dd.json
IDG	1724d5b3-12ff-4f2b-979b-c19a1230df2b	3b4fe97c-a136-478b-b3c9-9c2057a0a03c	3780	2272cd2e4f608e89998433c0eb540ce3bdb68ecf01a3a6a9f9ff3655a3467135		1724d5b3-12ff-4f2b-979b-c19a1230df2b.json
IDG	57bf11a5-4350-4153-aad9-f3af18e015e1	4ea81b41-9a84-488b-aed8-53e674992f79	3634	938891f9443776bd17f3619c676c1245a94dc8aae48c4c976ed0521dde51c1ce		57bf11a5-4350-4153-aad9-f3af18e015e1.json
IDG	45382a06-c98b-4e60-80ce-05c7f1a1845f	063f90a1-4538-449a-8a0c-ea1f4c5527f4	3780	f35f5be6a394d8b1192d1480d035844fcdc2d6e35aa94cf2615db515ed9a7508		45382a06-c98b-4e60-80ce-05c7f1a1845f.json
IDG	6b9c4cec-0c93-4b49-927b-6f81f55df901	bbf00b40-a44b-4c77-9057-07ecc86c6c3d	5508	e2bfc115927f73f472e2ed8e7052dc65230d5c3882731f94189b6d09a29f42a6		6b9c4cec-0c93-4b49-927b-6f81f55df901.json
IDG	6b86753c-2e33-43a2-ba1d-caf37d224b51	c165a5fa-7b32-4efb-80e5-e40245f10165	5533	cc70502729223caee9a63784f946636e1acf4af3740b46b2e7595f16d7f6102b		6b86753c-2e33-43a2-ba1d-caf37d224b51.json
IDG	06880456-761a-44d3-9735-4973eda8628d	5a4a41a9-3664-4592-89bd-5bc504e80cf8	3641	0bcc959151a900197e03041a561a8abb508502aca9338d9f7433c58b46b303db		06880456-761a-44d3-9735-4973eda8628d.json
IDG	cb0b8c76-1345-4a5a-98a2-fb7189e53ad4	743c25b1-511e-4e69-914e-1f231ee666dd	5507	6e149c61488b3b77428224fe324fe02c6a584423fef47ed41370510a901a6d2c		cb0b8c76-1345-4a5a-98a2-fb7189e53ad4.json
IDG	cd1a48b8-4f9f-4b2c-a85c-445e5668c84f	28cd9d79-1545-4c21-89fd-22f534e31f50	3785	e98ded1f8abb34cfb993a4967672b835a20a7d8526c80ff016eeb418be88d29b		cd1a48b8-4f9f-4b2c-a85c-445e5668c84f.json
IDG	401a7490-798e-455a-a065-d69dd12c2403	70b9e7ab-c99b-4620-a075-fcd533b2c121	5497	94c981c00da2ec62466f9b543ba33f6efffe20c2437899805c50d788705743d9		401a7490-798e-455a-a065-d69dd12c2403.json
IDG	72d182cb-efaf-4629-a22d-de7ca5016691	b0dd10de-4bf1-4b42-bb52-b75b3b0b1534	5540	a6f6bd92d2b704e3ab52e394a22e9fec872f580fd6d68cdaa35be8cea4f7cb13		72d182cb-efaf-4629-a22d-de7ca5016691.json
IDG	f5065278-fae7-4f1d-be4c-97f756f07d79	6bc5ed56-884d-443b-a6d5-23cc3aed9e9e	3641	0d1f177ae0ddce724b11f26d1111f20f67d02c4551847e84506988f51ed1c960		f5065278-fae7-4f1d-be4c-97f756f07d79.json
IDG	034fb6e3-c7f9-454a-ab55-bcf85ece4f93	1bbaa591-63f1-496d-af24-d8beb7f2dac8	3627	60bcb7257e79a6beec6d2282a6e39106f1a0425531ac8767fc216908c16ae6ff		034fb6e3-c7f9-454a-ab55-bcf85ece4f93.json
IDG	da211e3c-fd27-4f96-a980-5f6576c6f616	c1728181-ed95-4578-bad1-2cdfb2384d11	3496	f7fa6e304110f6fa0b66149ec749fe8b2021db6dd665885191977814d2e59040		da211e3c-fd27-4f96-a980-5f6576c6f616.json
IDG	d6d414ab-2543-4d2b-a61b-2697f8efeac4	ce9996ff-e7cd-41d2-8457-40877a65ce5a	3778	3b1acddbed8964e8820f5b16b151b2af8d3540f3b6fddbe7bc6860e18a66cd4c		d6d414ab-2543-4d2b-a61b-2697f8efeac4.json
IDG	e82a0468-349f-474e-b85b-7eda7df604d5	e321eabf-050d-4a3c-9b61-7e2652ba7120	3634	6560294d7c856126605deb5f19ba24ff458fb8dfcca65d8fbc4f1ba202fddaa0		e82a0468-349f-474e-b85b-7eda7df604d5.json
IDG	29c149c8-a18f-4534-8714-62831337f185	ce27cae2-f094-4f4b-9334-e5619e7f9634	3486	83e40c124e34c8e9ea977eb8cd6339cfb7d97bf1cc18978d68ae5a5a847c4291		29c149c8-a18f-4534-8714-62831337f185.json
IDG	6401edf5-e2b0-4d40-87d5-58122777989b	491b950c-090b-4523-b3dc-ae51f94917cb	3627	8469fc7f8c17287b93641966899db1d8eb00be984098d776417b068c2ef16027		6401edf5-e2b0-4d40-87d5-58122777989b.json
IDG	0f561b4b-a141-4b30-bf22-3bacd578e829	e82140b1-959c-40d5-8bcb-ca3034861818	3763	e04d8ac21e0bea3f3e9b5512c18237e155f69385cfc5c3b9e68562bb5da4f23f		0f561b4b-a141-4b30-bf22-3bacd578e829.json
IDG	d8401b98-0867-4f5a-9764-3e1023bb2a34	da0e4349-9dc1-4749-b68f-c480ceb43e83	5523	e7ca4499a88ef0e2c9626dcdff9d63e122181d0b8e67edc5eefb2eab7efc4073		d8401b98-0867-4f5a-9764-3e1023bb2a34.json
IDG	28120ffb-baef-4cae-b3b9-f2c343e37897	050d4f12-bf5c-4fb6-a6b4-3287d9c75b73	3620	1c4d77c8fed10b2e6f17f323e143af156e69fd07d949ff8716284dc109a7a328		28120ffb-baef-4cae-b3b9-f2c343e37897.json
IDG	74aa54c3-bfdf-4588-aa4e-e9ed6c47caa2	5f568c2f-e9a6-47f6-ad91-fcbf424dcf28	4936	0204a32e0641f6a4864579bbcecc73f9e06a388e7d19263aa480497aff76f33e		74aa54c3-bfdf-4588-aa4e-e9ed6c47caa2.json
IDG	e9022757-d266-48ad-9460-1e04eb0fb6c9	267c8512-a23c-4709-822b-f1b44b75697f	4959	d3faa17f08c6d9a409ed0a1adcda5b9faac002e4b3ab43aa54ecbceee6fa484a		e9022757-d266-48ad-9460-1e04eb0fb6c9.json
IDG	862d060f-b40c-4bab-940a-2014821c4df5	e6e22c89-fd04-4b50-b45f-4b2f659849bc	3479	0777992638670eca0560c80c4f2cfe50338949d31f2afe141115d54bba1f4283		862d060f-b40c-4bab-940a-2014821c4df5.json
IDG	4c98ea53-dd9f-43bd-84db-37214df04d8d	b422dba5-4c85-476e-a1fe-0b36ca59a2fc	3472	4eaf9a32d8e98a884609815fe7f90b1f6146b1b0aae9586392d9682932a03ecb		4c98ea53-dd9f-43bd-84db-37214df04d8d.json
IDG	f01e0d91-9779-4a06-b3df-8302ac930435	5a7699e4-70e4-4915-9f14-49b31fe54704	3785	99c87f764816d0e478474de4e82246b9afb7ba94f049fb63649604d56d7f0ac6		f01e0d91-9779-4a06-b3df-8302ac930435.json
IDG	de94f17e-1622-4e74-a637-9969d934ff4f	62db786b-6927-48f8-a966-cf9e1a3aa1f6	5539	6523d547bceda5d4751003c85347148961b3a646093996bb086a208efdc46f05		de94f17e-1622-4e74-a637-9969d934ff4f.json
IDG	48241b18-ee1f-4863-b902-cb7225fe0173	ce5bc336-2fb3-407b-830a-8bfe2024e00c	5534	38b58b43c8fd6dc1966dc17ebba207765a0dca188fb56fd37f79cb4e31635bf6		48241b18-ee1f-4863-b902-cb7225fe0173.json
IDG	1388dc82-5c8f-4b93-b888-757141281b1d	d944d5c1-1a06-43c0-b954-5ae15feafc68	3780	a32638c41a6e1ebce9843f840b4d4efa714a2d1a7c0a6fa3fe1c56ef9c30791d		1388dc82-5c8f-4b93-b888-757141281b1d.json
IDG	243b4c0d-3aad-466f-98d8-bab63b34ace1	c7c79343-a500-4b3f-9f35-8364807f2f50	3474	c3744978cc1277f728cfb72334074c0cb15ed32dfd25c30821d991ba6da72950		243b4c0d-3aad-466f-98d8-bab63b34ace1.json
IDG	598acb91-7279-4680-84fc-d8b5d1881250	b263e770-09c7-4716-a63a-751af5e249b4	3775	a8b6937a4305ff8bc8ca82591eca15b771f0d833360f8c4bb22680a7d04d612d		598acb91-7279-4680-84fc-d8b5d1881250.json
IDG	4e85fa8a-1e54-4704-a415-19e9fef9ecfc	73eba0db-f030-481b-aaa8-dcc33abd2bde	3480	7e8dbbd7e118b533d5ac97bf54117c55cb564db3c74834940292b598c06ddbd1		4e85fa8a-1e54-4704-a415-19e9fef9ecfc.json
IDG	1e588464-c84b-4f64-8f8b-d632478f75f3	dc47acd8-542d-4462-8f7d-063bca1eb735	5502	21023cff89901c9949d83514586e62bea2627cf8756d3d094695add2488334c0		1e588464-c84b-4f64-8f8b-d632478f75f3.json
IDG	b5195dd4-58cb-4575-8a64-83ad6ab6accb	95f8c695-2b4f-4d06-b376-78f45f2585dd	3474	ef9d42f640fe706e65a9c745d9e78878b0b43ed6fe6ba3444710eedc386f256d		b5195dd4-58cb-4575-8a64-83ad6ab6accb.json
IDG	5aba4268-d5b1-41b1-a5e0-d01ab1ba4a9c	aa73e78a-fdde-4ddf-8dfa-5fcb2cff0e6f	4923	920a94221b1b86f343b5d856563e80067650fb2d73b9109b6e9abc07472f9ddc		5aba4268-d5b1-41b1-a5e0-d01ab1ba4a9c.json
IDG	02a91b19-0eb0-4f89-a496-2e43ac6de845	0a3a26d8-038b-4655-acf9-038dcb821f11	3775	5a3ac1b077cadf11f8fc098e2c1f52c6de805069ac2bc4863deece408672a141		02a91b19-0eb0-4f89-a496-2e43ac6de845.json
IDG	43ce6223-db3f-4670-87ce-91361f71e54d	f31e0b34-6748-4ab2-9be7-9e6d4c46e70e	5513	215cc24f0c15f301efd9b8fb2fee01b4f15bfbedf69c4054e273ff0a29480593		43ce6223-db3f-4670-87ce-91361f71e54d.json
IDG	dcaa3dc0-c266-4b36-99d1-af47755f7ad1	697e336f-cce2-47c5-aad9-49991391c19b	3468	14bcc45fdfe7704d4f0afe1ac837bb42947be806eb8654421af5db71288adaff		dcaa3dc0-c266-4b36-99d1-af47755f7ad1.json
IDG	4ffc0c09-2fb0-40cc-b2ad-6cdaf3cef55b	352a8d80-6e10-4a11-9f75-0a86c558a140	5508	af88659ac6ed42f24a340ab7189c9bdffb0ebd434fb470634967d573aada18ab		4ffc0c09-2fb0-40cc-b2ad-6cdaf3cef55b.json
IDG	1e4306ec-37bd-49aa-adf0-12ff456a9be9	51254de4-2ae8-4fb4-ae06-04700a51b4ea	3780	9b196a3e928052aac9bd5e95fb60e585b1ba62a5da391e89fbcdfc4c6ef70cf8		1e4306ec-37bd-49aa-adf0-12ff456a9be9.json
IDG	a924301b-05ce-451c-a658-d4b64f6f7cab	80c5555b-f302-4296-80b3-60060764bb1b	5550	5a7fa1b20e99574603db33c9c2bc29acdfe1d760307df09089cc5e0329d7369f		a924301b-05ce-451c-a658-d4b64f6f7cab.json
IDG	f67a6eaf-1ab8-44ce-b6b1-112403549a9a	7d582787-0402-4b4d-9690-e5248b8d09f0	5537	9b7107c0e14dfe1af2f120179b20e2dee12cf809564b9d2606699fa6099ed419		f67a6eaf-1ab8-44ce-b6b1-112403549a9a.json
IDG	cdb4082d-0971-40bf-b0bb-8119fb30fe7d	698eee48-f70a-40a3-9086-065596c7a55c	3780	478894dd8e29557a52d73d0a53fd760e8730a895cbcc3604bf0e96c0a90ce939		cdb4082d-0971-40bf-b0bb-8119fb30fe7d.json
IDG	c352d9cb-049b-4dcb-b64c-317a1667859e	91aae57a-3294-4392-805a-c8a31f4369e8	5537	c5a3770a083ed9385f10be07c0cc07fdf51316ee265c0b6ae2e6d6b92bd3304b		c352d9cb-049b-4dcb-b64c-317a1667859e.json
IDG	0d52e508-6f87-4b6a-ae9c-d968fd56181b	e3528c81-cb76-4e75-abfd-caf09b4791a5	3780	6a9c8c91d2bffd525f13deb86ae9427734d2f599b7a6b97ee4e61697d696ec5c		0d52e508-6f87-4b6a-ae9c-d968fd56181b.json
IDG	36d236e5-0f32-4358-9364-f358c328b919	8df6a249-7113-443b-ae43-81a6df55a5b4	3775	91fa239666244dcb46d676f09b2401f6e237f1443440a425c5cd502d0f1bfb18		36d236e5-0f32-4358-9364-f358c328b919.json
IDG	63101c4b-1858-4034-bc26-92244d2800b5	da966e64-efd2-4d38-8e40-25fea11ad680	3627	4a0e8c248693a5cef68014363583eaeb8abb942e0c75131b299b54e5e0081440		63101c4b-1858-4034-bc26-92244d2800b5.json
IDG	2a23e3a3-6acd-4639-9fa0-e659051a191b	bea64a25-0188-469b-9875-af4e7fab27af	5529	426cfcc64d9d811819cce4596e7355ce987e1d52766ca565bf2c0678634f1414		2a23e3a3-6acd-4639-9fa0-e659051a191b.json
IDG	5955b3e5-7b9f-47ed-be6b-b0b817a6c0a7	2a36b58a-bdaa-4c51-ac61-b6536deaae2d	5523	9a0b4484adc9b596204afc0a354127dc25b13dbf12694b6871e12d79357e554d		5955b3e5-7b9f-47ed-be6b-b0b817a6c0a7.json
IDG	6edf3c7c-12ce-47ec-bc5f-aae3f6058cde	7688c6e8-d6cc-4eb8-85bd-2c58d6c42d7e	5522	e27ba8114a1000ae00e74090d005a7d00258f16003d94ba1fa8f0ab2706ae66d		6edf3c7c-12ce-47ec-bc5f-aae3f6058cde.json
IDG	c0ab0543-dd14-493f-9e1a-31a791374dd1	75b84ed2-7909-4457-9e98-b3461e71ae04	5504	f89f9ef1c7551748299464b726516fdb9f192b67f5006f69eda3dec9d271d7df		c0ab0543-dd14-493f-9e1a-31a791374dd1.json
IDG	0abd2ff1-656f-450a-b700-440a790e846e	f9a54d3c-61c2-4aa1-8424-66f8c909a39f	3627	0d9075902899c388ce365a56a23e878032acf913d374928e4f1029fdf3247770		0abd2ff1-656f-450a-b700-440a790e846e.json
IDG	54fc266f-1861-4823-aeb5-f34f489feb80	377176df-6323-4c6c-a4bb-b644af1fa8c7	3768	1a95cb432ce2c83bb664dbbeb690098b97c8ec0e7cff40d1c03023712f6c2f88		54fc266f-1861-4823-aeb5-f34f489feb80.json
IDG	04f16432-db57-45fa-8e9c-be30fc1349fe	dcbc05b3-9c33-4722-9a5c-618d659f8d17	3474	f8f79265348fc2b4ceae4abc50879bf48e3f6b0b11f75311f1f01d7ce11ea09f		04f16432-db57-45fa-8e9c-be30fc1349fe.json
IDG	7f3bb812-e8cd-41fa-b43a-ef32ebd20930	886fcaaa-63b4-4152-9af9-35ebd6972fbf	3634	578f056f2dff645a3d8ddd355d68701bf2b634dc6ed8232028f98dcfae6beb74		7f3bb812-e8cd-41fa-b43a-ef32ebd20930.json
IDG	d28b9201-78e9-44c6-b65e-7f79c094088b	3e405302-1403-4847-8527-263b1ea5b886	5543	3ad92d1e5b2487a09edaf7aeee00ca7c36c2db7fa825bbfc85293dc3445500ee		d28b9201-78e9-44c6-b65e-7f79c094088b.json
IDG	4771beb8-8362-4416-a33b-4193e9a82735	2dee299e-69a3-4254-af6c-a9e908ed942f	5527	49b966938e17c0ed89fd94fc21bccaf94243a6962a01607101e040306964f64b		4771beb8-8362-4416-a33b-4193e9a82735.json
IDG	575c4323-63bf-41ee-8e88-3b77d701e3ed	6523b207-c71d-464d-8fb2-5c14057882b5	3479	b73978bc4670e71998dfcbfbfd65823db8ce9eda00db36e2d9a47d045b6cdcbd		575c4323-63bf-41ee-8e88-3b77d701e3ed.json
IDG	6623e62d-235f-4683-86f5-d7b4b9d3f38e	8d033325-bc0d-4aa0-a26d-f53ae4c5ad17	3474	703b8904629ffd6b96be492af33650e563955a6e260a49a84358205491caf994		6623e62d-235f-4683-86f5-d7b4b9d3f38e.json
IDG	034a0351-d672-43dd-853f-8ac6df5000a4	46662c9b-c0d2-46a7-a233-2cc1616003ce	4935	7cb3be039e2667d646b7142e794d5e90fab9d9ee296eb98d675376f87251b651		034a0351-d672-43dd-853f-8ac6df5000a4.json
IDG	ccf4f4e4-4ab4-49b6-b3b0-cfe1a477e68a	d68694ee-cc07-4dd3-a185-c01bf9eb7623	3474	c4799fb8e0a19b921936d7a68776f200e11357ed8ad305af3c44470f7aade76d		ccf4f4e4-4ab4-49b6-b3b0-cfe1a477e68a.json
IDG	f762d1ce-4024-41f8-ba0d-4eefb4f7b16d	d46bc7bd-b48c-46c2-8f38-8274a12b50c7	3780	a8caa2229e372c553784f8cb2ff56797b46bb3a4282460768b398b8715f239e1		f762d1ce-4024-41f8-ba0d-4eefb4f7b16d.json
IDG	fb08c3ac-5d7f-4213-9978-79dcb2319e80	f2cc77ab-79dd-466e-8037-e38801e94202	3780	2e20664723266caaeaffa70a9c610a97c503f16627927c154eae879ad6c5961e		fb08c3ac-5d7f-4213-9978-79dcb2319e80.json
IDG	5c05265f-a5b5-4e97-bc1e-ce9ad01f5621	174f50bd-3637-4980-ace3-b2764ba51793	3780	8dc18077698564985b1c5a2170193425a9081dfc5ddc23ea8d828964a0de289e		5c05265f-a5b5-4e97-bc1e-ce9ad01f5621.json
IDG	1376bbec-cdb6-429d-8bee-adf70d34ac99	4b43417c-22b3-464f-8161-c79969d8382a	3627	0fefba5819d630789b5695646a3606e29b95fd77d1e5b9e276f2e2d168b0c8f5		1376bbec-cdb6-429d-8bee-adf70d34ac99.json
IDG	0f81d4db-952b-4c11-8351-bf8fcde1e53a	7be0c688-2189-43f4-8948-b0c32ca8c854	5534	3c5675b82711ccb99582d7f5f761d0117bbc4763988d8dc1338d52b938fcda56		0f81d4db-952b-4c11-8351-bf8fcde1e53a.json
IDG	04e04246-7690-45ab-9c9c-1ffb1f8a144f	bd230284-905e-4b61-9a2e-f5578fdae16c	4922	9d77fd3d9867fbf050573cf89d79099d5e859eb9f4a718f371de21f0e4ace210		04e04246-7690-45ab-9c9c-1ffb1f8a144f.json
IDG	80e08d9c-cabf-4e93-9521-8b327c520aa1	f0531c46-e291-4a4a-ad4b-b1a3e0417153	5540	e1ed7d5f423b958c4773f88024726aebabe2ee3d0d46cfddd8c9adbb20570203		80e08d9c-cabf-4e93-9521-8b327c520aa1.json
IDG	e4cc2d5f-e7c0-4b42-83a4-37f0b4eb6833	1b670359-addb-489d-b3d4-7f9ef7f31f51	3510	4e59ffeb25435a65b76cb412e7c2f1e1f9d33fbc8478508efbcb5c371acf006f		e4cc2d5f-e7c0-4b42-83a4-37f0b4eb6833.json
IDG	7c86b676-3470-4716-bc81-f0a978cded66	1a004301-29c3-4db2-bb35-09efb80a5cfd	5517	66909206876f349369bc9df97f58090307db774d99a22ef132198c174ee5549a		7c86b676-3470-4716-bc81-f0a978cded66.json
IDG	4259b6bd-1297-4900-8069-8a19993c6954	515cb486-f88c-49ce-bbef-badab2459ff4	5528	837ea35dcf41d29f9f4d8c275bceaceddb92c3383a1bc11465d1e5d12a55408c		4259b6bd-1297-4900-8069-8a19993c6954.json
IDG	98d753b5-7f66-415a-95ad-9a9e23ff4c10	93794b1d-09d4-42ba-917e-e7c44ba7b144	3780	6a29cee88570ee41570a8aaaff6afacc712407dc37d9d5b1aafc30f33e67ea2c		98d753b5-7f66-415a-95ad-9a9e23ff4c10.json
IDG	3cdf3b1d-16a6-4b1b-817c-e54d9ffbf267	57a8e85a-39f4-45de-ae96-72c3f8188d44	5512	daecec4c48b02087bb72ee133563308f6ee0dc029397af42d625ab30628db698		3cdf3b1d-16a6-4b1b-817c-e54d9ffbf267.json
IDG	7bb0a791-cfc7-4146-b0ac-fa748317c9dd	0e04d736-0c7d-4b7a-9fb6-95300d2a2fdd	3474	fd577c253421e213c6b01bf6dc3fefff9263223558c09f8356d7968f791d3066		7bb0a791-cfc7-4146-b0ac-fa748317c9dd.json
IDG	4f5fa09a-a32b-4ea1-97c9-7113d324c5a8	b9a1d540-8ad4-4a27-8dcf-c6cb5d278936	3627	feccce3fa26ad45e30268c850f2f586841f85356d25af09852c361c41d4b0cae		4f5fa09a-a32b-4ea1-97c9-7113d324c5a8.json
IDG	acde7864-4e75-44ba-8c24-b6144cf05b38	5d7868bf-2ed4-4528-b5ce-490894f3c73a	3474	5f3fc49369bb18401fd2b9c780fb1b5ea09fae7decd968b1a48727117a94cbf9		acde7864-4e75-44ba-8c24-b6144cf05b38.json
IDG	fd8da6b2-fa0b-464e-bc6b-130e06751a88	8580aebb-7156-4497-a967-6d3011d30e6f	3486	235613ec0575fe713e70f61a3508b270bd512ff5f20f57686c4e37c989c4ca91		fd8da6b2-fa0b-464e-bc6b-130e06751a88.json
IDG	3f3f566f-35bb-4e22-a59f-a926e8326bd9	4afb99e9-e5ea-4088-b1ab-7ed19e280958	5540	8956b279d9afcfa905e83961a8af75232b5b792dbcf8e5beceb5eedfae2f6d59		3f3f566f-35bb-4e22-a59f-a926e8326bd9.json
IDG	b1b92844-d5a4-4903-a6ae-2033d5c5fcb3	6868d350-32a1-4d1b-a134-1ef8a1afd478	3480	7830f31d1fada68199a15a1889accef66f2c9d097f33487123b3e8e642f39904		b1b92844-d5a4-4903-a6ae-2033d5c5fcb3.json
IDG	1bf70cc1-dbd5-469a-8ca7-1cb3b4cede81	9957c41b-602c-405c-89c8-f0e1aa1b01b8	3627	2a085dbf735fae6d48c68329f8fb38282973484c1725f510f1bef21093511d2d		1bf70cc1-dbd5-469a-8ca7-1cb3b4cede81.json
IDG	2786292a-51d0-4d81-90dc-7a605569bcc2	a68f9151-bc04-4a75-8f08-ab5b37c1bf13	3627	43b44b9a6491da38367d7206ad5c15ac3e15f8eb2518d2839cc95339f1b065fc		2786292a-51d0-4d81-90dc-7a605569bcc2.json
IDG	630b05c5-4406-4d14-9dbf-0e86fbd2fcc9	bd83ee30-2922-443f-aca6-b5f3816dffc0	3480	dd0ea44134dace8512e718fbd074c815373e1e4ac9031f511c08519917c04850		630b05c5-4406-4d14-9dbf-0e86fbd2fcc9.json
IDG	2bae8737-b060-4f07-8f90-199b4e428056	3ada50fe-506a-45c9-9ad5-7887fb2672aa	3634	cabe3a4cea568b07faaf244025349fdec76ee5357aab4b3a173632d940328e5a		2bae8737-b060-4f07-8f90-199b4e428056.json
IDG	17f82b2d-7458-4dac-b820-6c52768610f5	f955cd9a-7e4c-4f95-8d78-434df278acc1	3480	86a4222521c32d874cc661586c8da0d7736134841d40fd1aa20e85cefc2e9a4d		17f82b2d-7458-4dac-b820-6c52768610f5.json
IDG	5e043c48-33ae-4d55-8dd4-d551fd336a14	fd9b9fc9-dfd7-4f88-8e07-9a027ef794ae	3480	a02297ebc9a92b0fccbde377b8c3274d235391094ee5cb52325d083ce5554b5f		5e043c48-33ae-4d55-8dd4-d551fd336a14.json
IDG	94808b55-effb-43bb-9b96-a2d56a55003d	acab5fe8-4286-43cb-862b-f2dd24040577	3634	165fc37f8b2f19090b15d7e29fb45542b497c1de1ba6879cb7ffcd05c1c8fbc9		94808b55-effb-43bb-9b96-a2d56a55003d.json
IDG	258471b3-012f-4ba2-bf4c-2357974148cd	fa2d8888-8db6-4187-8097-8031c9360b48	3785	6966061c79545b390efedfc45032ccf92f6c137f8893b1cf590061a463bf49ed		258471b3-012f-4ba2-bf4c-2357974148cd.json
IDG	07f1c41d-5319-4331-ad37-95f15a34eeae	a26e1c13-98bc-41c3-9425-b215da38ccbc	5540	458976c6d15c8ab19b73732ba6625ed7c99e21674ed165818ea0d4b168a683a5		07f1c41d-5319-4331-ad37-95f15a34eeae.json
IDG	5c86fde6-2367-44f6-88e5-5b6a00584d00	715ffb92-a605-426b-8cd8-59672fd561b2	5503	274f21acd3227fd33f4487058bf9f3df366f8e9ef8c3253c015ff57eac479c5b		5c86fde6-2367-44f6-88e5-5b6a00584d00.json
IDG	33b7d834-7e1b-4a23-a595-59562dbbb5d5	6e135d9f-7028-4e99-aa04-e6b37256ae43	5503	ae4bc5b679f4c6467ce8f8c47212b78db31f6864e6ccb0e0f25aeeec1afc64a4		33b7d834-7e1b-4a23-a595-59562dbbb5d5.json
IDG	9886be76-0731-46de-bdbb-4645670918e5	e280d978-5f8b-4368-b13f-0ecf46e25d3e	4971	cb14f34f3220caccb81128c92c7d71ddbbe68f4f280b7f69fba0c1a2fbff6515		9886be76-0731-46de-bdbb-4645670918e5.json
IDG	de40bbe5-03dd-404b-8b04-5d395dcc2903	816baf3d-4df5-4b50-b475-faa48a29f384	3641	dce1288be87961081bff930b9a8f7c47e84579a3bdd305fff5d46832921f0264		de40bbe5-03dd-404b-8b04-5d395dcc2903.json
IDG	161e3533-dc2f-43cf-b952-428a8c7b1943	787c0d97-3256-4539-91c2-1307e44fad0c	3785	bc61c395b4fe96243ada0fe4510f4d86052a4bc4b00e422688cf1c74c78ca462		161e3533-dc2f-43cf-b952-428a8c7b1943.json
IDG	4517b4d9-5471-4f4d-a3ac-f73f1ac87331	9d20bc8c-8378-4ffe-85c3-4e87f6d9c2c7	5508	f1dda09948beb0579f1cfb9619dbd923a9680864fdb2002823ea491b16004d51		4517b4d9-5471-4f4d-a3ac-f73f1ac87331.json
IDG	8f065a39-2632-43a9-b53c-ddbfea98b4e3	b998ef7e-00a7-4307-a4d7-41c010149de1	3634	f1ff52a1d45c55b8362f0d3c5d379fa0836bd82d8d9de0ce949b93d6864e1ca3		8f065a39-2632-43a9-b53c-ddbfea98b4e3.json
IDG	2620b9e8-443f-4734-9a77-8e6513fab8f5	b3726ff4-8a23-4b3f-9917-345f4370117a	3634	8dc310a570fc4d8039ed57e61f2a52051f5f6bb70c852d3c723d294920a5e90d		2620b9e8-443f-4734-9a77-8e6513fab8f5.json
IDG	f6fa1289-9203-4f6a-8c0b-e817914946bd	430f1ac6-a58b-4026-9b89-5522540c8c85	5539	2d39b8fe5e93cb18f93617bf6c086321d4708dd1605c2ca7d397cf385e86fa88		f6fa1289-9203-4f6a-8c0b-e817914946bd.json
IDG	add8d214-fccd-416a-9bb7-6d7ea0f65de0	e8f97bf1-77fa-4ad0-8880-f024cb354805	4971	9be4b07ce47fe965bd89c55200e7542472381141604ae62d04e8f4d6e2a82d70		add8d214-fccd-416a-9bb7-6d7ea0f65de0.json
IDG	5d2b3e2a-a6f8-4f1b-a04c-51d178fd04fd	47d220a0-a897-4841-8f83-71855592d586	3634	55b66e55936ec63090e67d6cf59e11453baa7a1788f1732b9c42fde79bccebe8		5d2b3e2a-a6f8-4f1b-a04c-51d178fd04fd.json
IDG	6d4f06f2-45da-412b-943a-e5188ac6062b	a3a599ab-e6bc-42c0-8d9b-f88d0675291e	3627	f4e1aa33847a9d9618c5b3fc1fad15a3e6008e8b9ee8914ed58cf12da4487b07		6d4f06f2-45da-412b-943a-e5188ac6062b.json
IDG	299fd711-88f5-42d3-b0aa-544b419beecf	2374dad9-74b1-41d4-ab51-b1aeb1c8e69c	3780	deabfd5f1f7313972177f0cbfc5e23fe993a76dd77bd5aa063795b1417195e9a		299fd711-88f5-42d3-b0aa-544b419beecf.json
IDG	7b3e3e7f-08ad-4b3a-9979-3fc0af61b396	5e704f57-b80f-4021-904c-9b051a6bc688	5539	41b2b5e2493cf3984f1c047c092ceec5ae76d10c7fb147155254170deb950632		7b3e3e7f-08ad-4b3a-9979-3fc0af61b396.json
IDG	0774fffa-be7f-43b6-8efe-288b26166265	b21a8fe6-0ce9-4ede-90a4-7ba5c4f50f37	5502	8a9d7b94f043893425ada2ffb13422f17e25d5aeba6a4782965cfd6b027a78f6		0774fffa-be7f-43b6-8efe-288b26166265.json
IDG	d2374a65-5093-450c-a6b5-29f62b91d350	5fa147bc-4273-490e-9872-7fe6504108d9	5549	cc731f0660a990594065f3b3b69b0ed9e6fccc515c6bcf206351f2d411c282a4		d2374a65-5093-450c-a6b5-29f62b91d350.json
IDG	eeca5c95-ffd9-49ba-ab10-62adb0d26345	1b01d406-c288-4401-9121-9dd9238fdb79	3768	19ea8868d4b484cd140cd46b69ef0855425c1b2dc43d9daffdcb4a58e82f6772		eeca5c95-ffd9-49ba-ab10-62adb0d26345.json
IDG	9d974fb9-0512-4668-8a9d-49b6506761b0	bd5216d4-6c3e-4fef-bc06-8388333f3c71	3486	9f90c26eb606e4d9fa6f616d8ae8dc2703ec5797ede9b95487794baf5d3b9f18		9d974fb9-0512-4668-8a9d-49b6506761b0.json
IDG	37d031bd-fa0b-4176-86dc-1e95449c0131	064da439-eace-4022-a5ad-5274ec5a6851	3510	92e55292090c167d4f4eb73d2ca06a60376873d3eff6119e0efa384493517eda		37d031bd-fa0b-4176-86dc-1e95449c0131.json
IDG	1b894251-72dd-48c6-ba8b-53a29fcdfd10	14c16fea-8478-4ffb-b198-fa4169c10a79	3627	fc0461a3fadaa672e9cbe9ca3a8fc1ee948e5f3533cacca0fcc15a817ebb9a04		1b894251-72dd-48c6-ba8b-53a29fcdfd10.json
IDG	570e63ca-2438-45df-a524-497399493c91	1c481398-6b74-4e90-9844-3bc0d3cfe013	3480	3a9a2a49a8a0dc61bc5649776b5d079b41447715aa93a6a7009719378944471e		570e63ca-2438-45df-a524-497399493c91.json
IDG	65e5c553-74f7-41bb-aa64-f48985e03521	bf9330c4-603b-4960-89d7-b6ccb938d62e	5541	e67c7e6747d0588af62386d384d3899f84cd86d12d99b77f1306f9d1a0d95160		65e5c553-74f7-41bb-aa64-f48985e03521.json
IDG	36bbd6a5-1023-4236-99b3-8502d8e847fa	79d25d00-188a-4dfb-8fb5-68c851c97866	4936	27456e312fd12d8d06d2283b9a1d2372d609e12104889de210a516c397da149e		36bbd6a5-1023-4236-99b3-8502d8e847fa.json
IDG	d81f2323-4aa5-4396-8f5a-217a493ddbfd	42f2af1a-b541-4664-9fb6-47d521e2ea3c	5545	7a20e8100f523a0191a7fcca7a0ec7ec397d6a831ad888eca848a96aeb3f33aa		d81f2323-4aa5-4396-8f5a-217a493ddbfd.json
IDG	a7b88c9b-807a-458f-a4e3-18f5c476127c	43951ced-e883-46fe-9bbf-6619d9a2d8fe	5492	7825aab8e415df2ef2a03db1377cc9b5bd04fe84d8e1afd074f0ac4cdeeff9c5		a7b88c9b-807a-458f-a4e3-18f5c476127c.json
IDG	b2584348-0529-41f1-b0ee-1a4abcbed74b	1570db85-338c-419d-bfbe-c152553dc29a	3627	c0319b91bbdb4e50a74b74694aaadb57410dfd2f03c7e452807177e730c90edf		b2584348-0529-41f1-b0ee-1a4abcbed74b.json
IDG	1d37787c-0e6a-4bf6-b66c-b36983589c6c	e8be0c04-1472-4f68-b33a-a09ecc57270c	3763	83afbf2ab419cd1a43e97dead12811c8f1f7501a071920222bbb06441f9756b5		1d37787c-0e6a-4bf6-b66c-b36983589c6c.json
IDG	c04c2cf2-7930-4e37-bfc9-10a8b5ef574b	32df49e7-2a82-428b-9d3b-a95939ef7346	4902	c38e857f39d188afa03cf74a8acef1038f6fb25cbfd819b6edc33dc77c6cb7b5		c04c2cf2-7930-4e37-bfc9-10a8b5ef574b.json
IDG	3a344034-4ace-4bd7-b922-00958def556b	96eac684-b85b-4f75-a736-e71373f1eae9	3474	c464d04c0c55c3b90816461d868bfd60f0e5ed7089b134b21cc3dd5163c94fe2		3a344034-4ace-4bd7-b922-00958def556b.json
IDG	a1f5712a-6eee-468e-9d0f-3e40d72f11f1	378dc254-6d87-482b-82f7-8b495772e25f	5502	9a11d756cca4ec44cb2c7edfad73d585c566e02fdefdd237b743b83c593866e9		a1f5712a-6eee-468e-9d0f-3e40d72f11f1.json
IDG	3707e48a-23f8-4aac-9c2c-92f102cdb23c	87b2f160-01d8-43c8-8089-ebafa96b0683	5497	c014c7093ad98f21278850fdc645dbcc32c17c31bf87703ba3f786cbe3c8a19f		3707e48a-23f8-4aac-9c2c-92f102cdb23c.json
IDG	00a3d3eb-d610-4ef1-9c88-c7efbd649821	9ac30096-7a85-4633-a91a-cdd33b38eaac	3474	284293d5eb145737e183ae2dad3d54932dc9c55d0cf5fb233ec288379adb97f3		00a3d3eb-d610-4ef1-9c88-c7efbd649821.json
IDG	cdebff4c-08e1-4a92-9bbc-2130a13fd6ad	19291b42-531b-456d-a65f-bd040211510a	5496	9e046a13a1fa6bbf70c3435c73c01782f1c651673ad090d7eb4ea19db0d335fa		cdebff4c-08e1-4a92-9bbc-2130a13fd6ad.json
IDG	17e88d5c-284d-4ced-8c17-cbf7f0bf8677	b77b4f4e-b70f-4886-8933-92cc60c29851	3768	938e1f584b307f7b57b3794e7ca74b36fa6194f1e99cf4b74e6ac09778d36e41		17e88d5c-284d-4ced-8c17-cbf7f0bf8677.json
IDG	f2e04736-86ba-454d-ab4d-20ec11f69e4e	abee1a48-4bbb-4780-a7fd-a1473f30dae2	3474	07da0986436a1cc06f211a00b5513c8fb5c11eba0313e7fafdc699f86f819eb6		f2e04736-86ba-454d-ab4d-20ec11f69e4e.json
IDG	6a14c3bd-e2d7-4342-9866-e8fec37af9e2	aa61dd46-1e3d-4f88-bb70-1ebf7a479071	5539	a1df94292dce5290885aa6f5abe352c2a069c9eb20426c274243910dec89212a		6a14c3bd-e2d7-4342-9866-e8fec37af9e2.json
IDG	2b29d8d5-6176-467c-89e8-3b61d527c2ce	4e509858-51c1-4658-9b31-2c4beda3a993	3775	2fce38a089fb352c794a95213f2a043cb6286f8f5bc7ddfc1bee2dc6aaa9b07d		2b29d8d5-6176-467c-89e8-3b61d527c2ce.json
IDG	0be45214-fe63-4501-b40e-277dd0545511	4aed79a3-be9c-47e9-ace2-877917e2127b	3634	1b7bcb28977cb1c6eb8c53b3e193d8dd9619b7c9714ecd7831602181730e093a		0be45214-fe63-4501-b40e-277dd0545511.json
IDG	1f766d4c-c052-4d57-bc90-48bb95197138	19002369-4446-4d0a-9e4b-90160b529ad8	5551	389d383d595699249919c43c8d5f94c6d5c65d4c43adeb8e5031a10e7cf492a1		1f766d4c-c052-4d57-bc90-48bb95197138.json
IDG	e77e803f-5b5f-4bdf-bbea-6808974e5e7c	6ca9374c-39ca-4f3a-bd3a-5bf8c1e913bd	5545	58ff324c2f8d8dd3d212f8feafbdee63c35724e18dd8691c3ecc92935e0fa9ef		e77e803f-5b5f-4bdf-bbea-6808974e5e7c.json
IDG	99771b16-ead2-4168-9ac2-1ae65539fe91	e505f765-387d-4bb7-bb43-eb370afdec0c	5513	4db3b87b0f7cbd88dfd2ca44cec956c97eb9070b7133ba2c520610a07dd67776		99771b16-ead2-4168-9ac2-1ae65539fe91.json
IDG	f23e8629-ee68-4831-93c0-52a8254517fe	58d2f270-d3e1-4fd1-8f5c-cde74ae956de	3627	09e27fac7c3fc43939e33e3297c0ac9eb02448b1d5a6e5a9d7c64c784c9271e4		f23e8629-ee68-4831-93c0-52a8254517fe.json
IDG	bcfa6290-06f2-4caf-a5a8-0d36914195bd	6895ee32-970f-413b-a649-5d9d2d4efcb6	5540	13816f3aa21337689c8ef40b9a664b674599c09fd0a8cee3117e5a02e0c6461c		bcfa6290-06f2-4caf-a5a8-0d36914195bd.json
IDG	5382af42-9f5c-47f8-a6dc-247adbaa9418	1b4de9d8-ccd4-4323-a783-5bd510d3a9a6	5535	a1955bddd8090827391833694793e71e8626ecee8654da66d1053c1ba8d85d95		5382af42-9f5c-47f8-a6dc-247adbaa9418.json
IDG	d8e70d48-42c6-4747-8e75-6d033ea99f13	8eeb477a-61e1-4340-8fd3-f3eb6d6fb97a	4939	74189ba3696c763a4c2b81ffb54c65d586e99e05667ff17874036609519b8ee6		d8e70d48-42c6-4747-8e75-6d033ea99f13.json
IDG	421a9c56-dcb1-44c3-95aa-58b9be2941f4	3ba93c53-8fc1-4601-a1fe-1d4eaa6d1ec9	3758	d398dd135a780330f95e8dbe8fd4a8c942ed6f1969188b381c9761e5dec78b64		421a9c56-dcb1-44c3-95aa-58b9be2941f4.json
IDG	67902cd3-b3d7-40a7-8fbd-c32c799ba6de	dda16333-7ce9-4665-a8e5-815e1179bd74	3634	07da5fec8ac02cfa506403d0f0b6d28792c3c65816a6bf88396fbaac056f36c7		67902cd3-b3d7-40a7-8fbd-c32c799ba6de.json
IDG	6a14e472-1034-4bac-a84f-520fa016ed0b	ddff1251-5904-4575-b5c1-977501d1eceb	3634	0cb17b3eba99abb73a1ec150c2a365d3957de62e69b03506c8a8fc1c1e3c2451		6a14e472-1034-4bac-a84f-520fa016ed0b.json
IDG	2cf86e07-43ea-4371-ab29-aceae2e2b9fb	07edefb5-674b-42be-97b9-32094f29285e	3818	73e3691c30627a1e7693e0635651dc94562fc7bd07077979079fceba98023e5a		2cf86e07-43ea-4371-ab29-aceae2e2b9fb.json
IDG	1609dc2d-c532-425b-a757-e563dec49f2c	eb33e2bf-1eb6-464d-a15a-c9cc4eed7ec7	3778	323809eb01de0d8d1544660279176adfc74d83431351043d53ad86cd9d7358b2		1609dc2d-c532-425b-a757-e563dec49f2c.json
IDG	387c738f-2bb8-4a4f-97f6-4baacac003fe	8f6fd8af-8bea-4298-ac9b-b4d54d29ea55	4907	4ee5ea6c4c214052f75e363a3c636e92c52623bf7ca2ce58e82e2fe8f8418748		387c738f-2bb8-4a4f-97f6-4baacac003fe.json
IDG	c44c6560-cf53-4345-971d-5256d0d35ec1	0b17c30a-fc04-4e0d-8728-13b34e25cbbc	5533	f3c404c2f028ac58803bbff232b6de077b1d6dcc7504c21d9d5fe4883f328ce2		c44c6560-cf53-4345-971d-5256d0d35ec1.json
IDG	c10b8df9-ec29-480d-bab5-e1b7c99228aa	08901193-942c-4ac5-85e2-dbf996197f99	3480	4f87694df10101a41f4e8048d37119a3d0dedaea330ebb13c42e0a7967a33c47		c10b8df9-ec29-480d-bab5-e1b7c99228aa.json
IDG	2a7d6ab5-c0a1-4f61-83a0-0a549d95033c	9dcda0b3-0a66-4a24-8b20-25aa2f34c720	3780	bafbc2ee43579c04bf65e6f70e09edda6166a600ebb52e238aa871e474493401		2a7d6ab5-c0a1-4f61-83a0-0a549d95033c.json
IDG	716f59b7-e7c9-4737-8e9f-4a2aa95b1565	2a095b60-6932-4d40-9c39-d65e4894c649	4965	e7a5380997d2ccd27973ba331a5be4f859c687ce659f33b698602583762beb2f		716f59b7-e7c9-4737-8e9f-4a2aa95b1565.json
IDG	c39f2340-db0e-4579-a3f3-05a60985b5e1	a8b0f529-0d4d-4abc-8e64-dfca694e012d	5498	6d4a4b6386ba154f45ef81ebc8e25d61478e1c08f18c4c08daaba920b96168aa		c39f2340-db0e-4579-a3f3-05a60985b5e1.json
IDG	1cbdb6c6-991b-4643-8603-ceabba951b59	8246a433-d41e-4a9f-a49b-689bad80d8d4	5532	d8873af0da841079981edefa04fec2d9a831f7dfe1a012ed874cc3c68d175c80		1cbdb6c6-991b-4643-8603-ceabba951b59.json
IDG	daec6a11-c06e-4a1d-b40c-7a0a583ac5de	63e94dbf-ca19-4579-8621-df989bd5c4fb	3780	33e2c983af4ccceb43cfe31fb7be660af950f95b817bde52436d753e535cd127		daec6a11-c06e-4a1d-b40c-7a0a583ac5de.json
IDG	1faa73d1-38b0-4734-a20b-a1ce3c6bce65	71062f59-c111-425a-9f06-78e750fd6abb	4873	0f05fe85f85b787370554979fada6f3c915c37d7fbbf5c7d253f7264f81abfef		1faa73d1-38b0-4734-a20b-a1ce3c6bce65.json
IDG	a5ef1750-23f4-4417-8c58-5c3a733d5f7c	8e8d462b-e9d0-4723-b5bf-586ecfeab83e	3634	e659552aedcf847bfcac95edc24a9de180c67955d7ec330818224e200e9401bd		a5ef1750-23f4-4417-8c58-5c3a733d5f7c.json
IDG	df09fa7f-6daf-4d45-b3c1-93e2108d4013	aabcc80c-0197-43b3-8e9a-f3601e941412	5558	29e7c8031cc5520d8a9aa35d21e0d903815c156358d6ad400bd5a7ed49c1ba35		df09fa7f-6daf-4d45-b3c1-93e2108d4013.json
IDG	c744d0a1-aff3-4495-b172-0325ccf61eb3	3e239aeb-2834-4afb-b808-0b5437aecc59	5533	e986ac469a457048b5896ade12999fc336942881eff8c13cdc7d2a5f7736129d		c744d0a1-aff3-4495-b172-0325ccf61eb3.json
IDG	47175942-749e-4799-8c97-8a5f0c5ca85d	6487f761-bdc3-488c-ae74-5d600838ee09	5528	86dcfe73cb05f94f87478c60025897ff407832ac1188e04b65da50787bef0a4c		47175942-749e-4799-8c97-8a5f0c5ca85d.json
IDG	2a6054a9-e92f-4da6-b1eb-d59447e29c7e	1d25976b-cfc8-4ad8-8c11-23afa69e2c72	5535	095f1b07ccb2e8e3829188952a7de00b4301c6a92315a210f5942245004532c5		2a6054a9-e92f-4da6-b1eb-d59447e29c7e.json
IDG	e618b10d-def0-4329-8b5c-f16da5f83d8b	b1090fa5-e597-4875-9c49-7a47c2ccc63f	4899	46fdaa7dd6e3c254f2f76429f849469409c93bea10f13e7d7bf0878d67e87e81		e618b10d-def0-4329-8b5c-f16da5f83d8b.json
IDG	9ee58b12-6317-4ab1-97ca-070cd3521ddd	2284bec0-7e57-4e3e-b394-53bc69ed082f	4926	8e0fc54b5356fd66746218729581346f48fc85eaa11b621aced12e8b0dc7c77d		9ee58b12-6317-4ab1-97ca-070cd3521ddd.json
IDG	b4a9071d-39a9-4e7e-8e6c-fcd44549a79e	32301062-90b5-4a92-8ae8-976b8079cc65	5534	04901d0eaad0619f0c9e4c52cbe3ef115d96bc06f2c3c6d19e49b3ed832599b7		b4a9071d-39a9-4e7e-8e6c-fcd44549a79e.json
IDG	2c4cfb4d-7608-4bc5-80be-51e596c0e0f1	ab22ce38-c557-4697-8f00-7b992225fff4	5546	eae1f396f5670c08c377268f4ac6f122b0544b2cdc53c485c1b576fc747963b4		2c4cfb4d-7608-4bc5-80be-51e596c0e0f1.json
IDG	03f83b3d-c5fe-4c3b-9a96-b58e57edde75	cfaf79ab-a67f-4a8a-a52e-f7a9edfad10a	5538	ac322d1196ad49820a32e566c9bb535c9c682c7f71387be0ac0d1b0bf0e2ad53		03f83b3d-c5fe-4c3b-9a96-b58e57edde75.json
IDG	fa30bca6-632a-4a1c-aa37-9236e5c9512d	7d6af3f6-2daf-45dc-ae3a-456e2e033a4a	3780	b9c767e8dc39c98108feaf6cfdabe835018607b44124c02d116facc0f843286a		fa30bca6-632a-4a1c-aa37-9236e5c9512d.json
IDG	534fb6d7-2cad-4f89-adba-3fce226b4606	e57dd184-6c07-4688-9651-0ec6d8260333	3480	156766ab1d43b474b09168932b3cc620ce3ddd19c3466862392d4a730de2c414		534fb6d7-2cad-4f89-adba-3fce226b4606.json
IDG	eb0a6fc5-fee4-40df-8e90-d0fd300fe500	b5cbf61e-b85a-4c23-84b9-099854810d00	4965	0f9bb2f3d96ab4ae73753d12e24b6d1f29cee5ef48850a7e44b6545354295223		eb0a6fc5-fee4-40df-8e90-d0fd300fe500.json
IDG	50917c88-55cf-4744-8969-ba85806f4064	9a576be4-05cd-46ea-80b7-8ad3923f660d	3775	29b9b3f9c6898a0d2f1882b913642047cf8793de79882b38bf0766ab9cd04785		50917c88-55cf-4744-8969-ba85806f4064.json
IDG	3f417bd7-2141-454d-961a-166c2229fddf	37d5d4b3-ec97-49ff-824c-9d477abb1e87	3634	53f9d8ce3b1aa21defe65ccc571117911cf665b4679e2294e7a0db64bba92d30		3f417bd7-2141-454d-961a-166c2229fddf.json
IDG	00e03198-279e-4e98-ac45-c94cb8f95c79	9883724e-1f3f-45d4-a39e-fe62f34cc2e5	3627	61c79ea2e54f978c7aefaa4b90a8a3d435acce03cebe5de7e638e9b7ecce43ef		00e03198-279e-4e98-ac45-c94cb8f95c79.json
IDG	c16a095a-a437-4753-beb6-7b2c6ae84b60	7052dcfa-ed7d-4ec5-ae1a-087d9eeb1d3d	5507	57ac588cced8aef193217fc2bd8083e1474bd181d678c57cf81cbf14d6753d4f		c16a095a-a437-4753-beb6-7b2c6ae84b60.json
IDG	294bf4c0-972b-4aac-a10c-037d4e38706c	82ee51bb-adce-4921-9ea4-445e62d720c3	3775	4ad010c2902e540f1ab811766a20ed733ae54b071462ce7b943e327607979883		294bf4c0-972b-4aac-a10c-037d4e38706c.json
IDG	14b53036-c322-417c-813e-22af228fa967	175a7b91-651d-4966-a5e2-e682597ef184	3480	c7624dc64a7488894dd5641625e2abccbb7c159355f1cd0e0ce81253b73212e8		14b53036-c322-417c-813e-22af228fa967.json
IDG	bd57fb4e-6539-43d8-900c-de8c7c3fbf1d	9dd4c1e9-1c6f-4ce2-9e26-872b612a1cb8	3627	037e213646f388a9d997ba14afdcd5a6dd016458d622426938a0e43d6ae754b1		bd57fb4e-6539-43d8-900c-de8c7c3fbf1d.json
IDG	d7159272-a77b-4114-bdcd-171c00e8e51f	ab0e5ced-2e09-439a-8d7e-f19c9a0eba61	5550	5ab15faa702e04d89a741e87578ef4cc00c7e8f8bf63ef7a3dbecd5bf897dc23		d7159272-a77b-4114-bdcd-171c00e8e51f.json
IDG	c8203d83-7e61-425e-868e-f2386b9087ce	1fa479d3-eb29-405a-84ff-f536a90bd71b	3473	7161a42645431c516c769b5bc84f8adef796119edb5cfa04dca077271c06300b		c8203d83-7e61-425e-868e-f2386b9087ce.json
IDG	e35174a0-e128-4971-aef4-de932d5ec292	8a5abcf2-8661-4451-8138-71d0ac21ce73	3780	f7de572f92a3c57781eaf950077956b232227c2dbe400212123eff89b3bde4ef		e35174a0-e128-4971-aef4-de932d5ec292.json
IDG	07c0b7f3-1693-44d1-9926-0ad343b2da2d	379c4906-35ab-40fe-b141-6784d8da1797	3634	c84f575ddb79421649ee2bbee38712e0e5d942a648c8db590132a536789f64e0		07c0b7f3-1693-44d1-9926-0ad343b2da2d.json
IDG	f782f17f-0b37-4be2-906f-5f8e7763a1bf	488147a4-6081-4683-b6fc-ecd85fe28c15	5549	cca03cc86a9468de1f57fe258f823ea72b9a115ebc28871b445bb57138a2c4de		f782f17f-0b37-4be2-906f-5f8e7763a1bf.json
IDG	5c3bd687-baa2-40b8-b2ac-0a7bf7ef727e	a4caec83-0893-498e-82a8-93991821baef	5545	a8efaae25cfee024f142d0c72186dde6d38d69cb2824540e358941eeea67d43a		5c3bd687-baa2-40b8-b2ac-0a7bf7ef727e.json
IDG	9d7f9f25-f694-4c9c-a165-a773028d6fc9	a4746d51-86ea-43c1-816a-b775a102306d	5552	7c21951112b03a6391d0bfd2244ebe293655822873b0d3b1582c05643a7448cd		9d7f9f25-f694-4c9c-a165-a773028d6fc9.json
IDG	055381a9-41f8-429e-8f11-12e9271aa926	fe2143d5-f712-46a4-9bfc-63b9c0839fee	3790	5c91db882090bb57751a817f51afbf20bca646ffb32a726386f3b835ec2020b5		055381a9-41f8-429e-8f11-12e9271aa926.json
IDG	af16a00a-d0b5-4443-99e7-c7756559a812	71b37233-f8bb-48dc-abe4-a123f07d7675	3780	5865922aadb2db646452dbf9e60e7bf1b7a2c2c976ffd6755080b9951a62927d		af16a00a-d0b5-4443-99e7-c7756559a812.json
